<?xml version="1.0" encoding="utf-8"?>
<COLLADA xmlns="http://www.collada.org/2005/11/COLLADASchema" version="1.4.1" xmlns:xsi="http://www.w3.org/2001/XMLSchema-instance">
  <asset>
    <contributor>
      <author>Blender User</author>
      <authoring_tool>Blender 2.83.10 commit date:2020-12-07, commit time:14:09, hash:b439a155442b</authoring_tool>
    </contributor>
    <created>2020-12-30T16:10:16</created>
    <modified>2020-12-30T16:10:16</modified>
    <unit name="meter" meter="1"/>
    <up_axis>Z_UP</up_axis>
  </asset>
  <library_effects>
    <effect id="MI_JF_Checkpoint_01-effect">
      <profile_COMMON>
        <newparam sid="T_JF_CheckPoint_01_D_png-surface">
          <surface type="2D">
            <init_from>T_JF_CheckPoint_01_D_png</init_from>
          </surface>
        </newparam>
        <newparam sid="T_JF_CheckPoint_01_D_png-sampler">
          <sampler2D>
            <source>T_JF_CheckPoint_01_D_png-surface</source>
          </sampler2D>
        </newparam>
        <technique sid="common">
          <lambert>
            <emission>
              <color sid="emission">0 0 0 1</color>
            </emission>
            <diffuse>
              <texture texture="T_JF_CheckPoint_01_D_png-sampler" texcoord="UV_SINGLE"/>
            </diffuse>
            <index_of_refraction>
              <float sid="ior">1.45</float>
            </index_of_refraction>
          </lambert>
        </technique>
      </profile_COMMON>
    </effect>
  </library_effects>
  <library_images>
    <image id="T_JF_CheckPoint_01_D_png" name="T_JF_CheckPoint_01_D_png">
      <init_from>T_JF_CheckPoint_01_D.png</init_from>
    </image>
  </library_images>
  <library_materials>
    <material id="MI_JF_Checkpoint_01-material" name="MI_JF_Checkpoint_01">
      <instance_effect url="#MI_JF_Checkpoint_01-effect"/>
    </material>
  </library_materials>
  <library_geometries>
    <geometry id="SK_Checkpoint_md-mesh" name="SK_Checkpoint.md">
      <mesh>
        <source id="SK_Checkpoint_md-mesh-positions">
          <float_array id="SK_Checkpoint_md-mesh-positions-array" count="2439">-0.334026 -0.781296 1.500499 -0.232595 -0.540793 0 -0.01325196 -0.828151 1.456979 -0.007465958 -0.570797 0 0.300869 -0.747557 1.414353 0.212009 -0.512365 0 0.392417 -0.37439 0 0.560518 -0.55179 1.379112 0.726165 -0.270648 1.356619 0.506292 -0.177878 0 0.7725901 0.05306398 1.3503 0.536296 0.04725098 0 0.477861 0.266727 0 0.692727 0.370065 1.361116 0.339888 0.447134 0 0.498733 0.632094 1.387422 0.220144 0.79926 1.425211 0.1433759 0.561008 0 -0.08175295 0.591012 0 -0.10063 0.8461151 1.468732 -0.301228 0.532579 0 -0.414751 0.765521 1.511357 -0.481636 0.394604 0 -0.674399 0.569753 1.546599 -0.840046 0.288612 1.569092 -0.59551 0.1980929 0 -0.886472 -0.03509998 1.575411 -0.625515 -0.02703696 0 -0.56708 -0.2465119 0 -0.806609 -0.352101 1.564594 -0.429106 -0.426919 0 -0.612615 -0.61413 1.538289 1.081764 0.4316534 6.363887 -0.873467 0.4354314 6.399875 -0.8663139 0.4098307 6.15604 1.066457 0.406149 6.12097 -0.8510153 0.3550779 5.634546 1.033721 0.3516023 5.601438 -0.8445555 0.3319589 5.414348 1.019898 0.3285702 5.382069 -0.838684 0.3109453 5.214203 1.007334 0.3076356 5.182677 -0.8147209 0.2251824 4.397351 0.9448286 0.203486 4.190703 -0.8094734 0.2064024 4.218481 0.9331153 0.1839686 4.004809 -0.8036829 0.1856784 4.021095 0.9207245 0.1633226 3.808166 -0.7823388 0.1092892 3.293523 0.8867651 0.1067381 3.269226 0.873742 0.08503836 3.062547 -0.7762528 0.08750748 3.086063 0.8605142 0.06299757 2.852619 -0.770071 0.06538349 2.875342 0.81479 -0.01318979 2.126971 -0.748703 -0.01109158 2.146952 0.806969 -0.02622163 2.002849 -0.745048 -0.0241726 2.022361 -0.873467 0.483896 6.394135 1.081764 0.480118 6.358145 -0.8663869 0.4585565 6.152788 1.066614 0.4548738 6.117706 -0.85112 0.4039172 5.632374 1.033945 0.4004401 5.599251 -0.8446814 0.3808738 5.412896 1.020168 0.3774834 5.380599 -0.8388674 0.3600657 5.214708 1.007726 0.3567535 5.183157 -0.8148254 0.2740209 4.39517 0.9452029 0.2525742 4.190898 -0.8096485 0.255493 4.2187 0.9334016 0.2329103 4.003609 -0.8039674 0.235161 4.025047 0.9212452 0.2126548 3.810685 -0.7824944 0.1583102 3.29308 0.8870978 0.1557571 3.268762 0.8740977 0.1340956 3.062446 -0.776419 0.1365669 3.085984 0.860779 0.1119034 2.851075 -0.7701948 0.1142909 2.873815 0.8151505 0.03587549 2.126946 -0.7488715 0.03797596 2.14695 0.806969 0.02224296 1.997103 -0.745048 0.02429199 2.016616 -0.05602699 -0.100524 1.847679 -0.097157 0.05191099 1.866169 -0.1083829 -0.032655 1.855038 0.02923995 -0.1119379 1.848405 -0.02892595 0.103637 1.874554 0.09747099 -0.06021195 1.85679 0.05634099 0.09222298 1.87528 0.108697 0.02435398 1.867922 0.871115 0.451263 6.557217 0.880299 0.600985 6.448952 0.872413 0.548624 6.533918 0.877166 0.365936 6.505197 0.890153 0.5776751 6.352086 0.887021 0.342627 6.408329 0.896204 0.492349 6.300064 0.894907 0.394988 6.323361 -0.813031 0.604523 6.446206 -0.810769 0.450338 6.558173 -0.811089 0.550625 6.534111 -0.812259 0.362412 6.504292 -0.815457 0.580461 6.34595 -0.814686 0.33835 6.404037 -0.8169471 0.492534 6.292069 -0.816627 0.392248 6.31613 0.6758 -0.03236597 1.880898 0.799732 -0.106648 1.868018 0.721162 -0.09821099 1.880242 0.682817 0.04672199 1.871423 0.747352 0.09133499 1.855971 0.864267 -0.06203395 1.852565 0.871285 0.01705294 1.843091 0.825922 0.08289897 1.843747 -0.673218 0.11716 1.960784 -0.667462 -0.01768696 2.058521 -0.668027 0.07245397 2.040859 -0.67111 -0.09792697 2.013957 -0.67743 -0.115584 1.924037 -0.679538 0.09950196 1.870863 -0.6831861 0.01926195 1.826301 -0.682622 -0.07087796 1.843961 0.677251 0.01983696 1.822279 0.677251 -0.119375 1.9234 0.677252 -0.07323396 1.840536 0.677252 0.102702 1.868421 0.677252 0.120958 1.961492 0.677251 -0.101119 2.016471 0.677251 -0.01825499 2.062612 0.677252 0.07481598 2.044356 -0.8863 0.01901596 1.847023 -0.809628 -0.112837 1.864153 -0.87878 -0.064758 1.856141 -0.837691 0.08806896 1.841857 -0.7535 0.09592896 1.84464 -0.725436 -0.104977 1.866937 -0.676828 -0.035923 1.86177 -0.684348 0.04784995 1.852652 0.231615 0.451704 6.713964 0.369919 0.408905 6.783354 0.181411 0.359366 6.701943 0.268736 0.2300519 6.764687 0.08006799 0.329311 6.697749 0.417287 0.387846 6.950995 0.07004296 0.174551 6.760711 0.300612 0.18092 6.932972 -0.109768 0.274913 6.773756 -0.01304894 0.379145 6.703838 0.071249 0.1166 6.929512 0.272507 0.200384 7.106749 0.373499 0.379915 7.118346 0.198537 0.292328 7.234757 0.251128 0.398796 7.244119 0.07389199 0.144576 7.104982 0.085783 0.254197 7.230107 -0.02108299 0.30674 7.232894 -0.105999 0.2451829 7.114079 -0.136444 0.232564 6.942642 -0.161788 0.443271 7.128712 -0.05946099 0.419177 7.241484 -0.006869971 0.525645 7.250846 -0.200803 0.460882 6.964668 -0.06079596 0.622802 7.140309 -0.165367 0.472349 6.796179 -0.04339295 0.479677 6.716646 -0.06418395 0.651203 6.814846 0.006810963 0.572016 6.728662 0.1081539 0.602071 6.732858 -0.08412694 0.667808 6.98269 0.134508 0.706704 6.818821 0.2012709 0.552237 6.726768 0.145236 0.732128 6.986152 0.31432 0.606341 6.805776 0.352928 0.616163 6.973023 0.317709 0.578002 7.132979 0.137818 0.678609 7.142076 0.105883 0.563776 7.255496 0.212749 0.511233 7.252709 -0.650241 0.02456295 1.789262 -0.645499 0.128848 1.847176 -0.575143 0.02398896 1.7838 -0.637285 0.1517969 1.964045 -0.5704 0.128275 1.841716 -0.63054 0.09369397 2.068115 -0.562188 0.151224 1.958583 -0.55544 0.09312099 2.062653 -0.629805 -0.023458 2.091068 -0.463385 0.112835 1.875342 -0.463385 0.02286398 1.825244 0.425397 0.02330595 1.829456 -0.463384 0.132656 1.976395 0.425397 0.113277 1.879555 0.581637 0.02684599 1.765443 -0.463384 0.08255797 2.066366 0.581637 0.141835 1.829472 0.644117 0.02804398 1.755587 0.425398 0.133099 1.980608 0.581636 0.167168 1.958626 0.644119 0.146672 1.821642 0.644118 0.172807 1.954882 0.644116 0.106751 2.073509 0.581637 0.103139 2.073615 0.644117 -0.02648794 2.099644 0.425398 0.083 2.070579 0.581637 -0.02601498 2.098948 0.425398 -0.01805299 2.090399 0.644116 -0.145116 2.033589 0.581637 -0.141004 2.034919 0.425398 -0.108024 2.040302 -0.463384 -0.01849496 2.086187 -0.554707 -0.02403199 2.085607 -0.463384 -0.108466 2.036089 0.425398 -0.127845 1.939249 -0.559449 -0.1283169 2.027691 -0.634548 -0.127744 2.033153 -0.463384 -0.128287 1.935036 -0.642761 -0.1506929 1.916285 -0.567662 -0.151266 1.910824 -0.649506 -0.09258997 1.812216 -0.574409 -0.09316396 1.806753 -0.463384 -0.07818895 1.845065 0.425398 -0.07774698 1.849278 0.581637 -0.166337 1.905765 0.581637 -0.102308 1.790776 0.644118 -0.1712509 1.900349 0.644117 -0.1051959 1.781721 0.64827 -0.03772497 1.937591 0.713285 -0.132097 1.936651 0.720878 -0.127319 1.982154 0.6558631 -0.03294795 1.983094 0.825894 -0.144188 1.919131 0.746231 -0.09469795 2.130943 0.688462 -0.01084297 2.131778 0.918387 -0.08024698 1.896985 0.836194 0.01081699 2.900047 0.786902 0.08055698 2.892708 0.752191 0.07796198 2.997213 0.846289 -0.105441 2.115375 0.833486 -0.13941 1.964633 0.92598 -0.07546997 1.942487 0.928474 -0.04862594 2.095697 0.921571 0.003236949 2.900874 0.936038 0.03788095 1.928907 0.991696 0.05226194 2.895751 0.928445 0.03310298 1.883405 0.86343 0.127475 1.884346 0.937411 0.052091 2.083631 0.8710221 0.1322529 1.929848 0.750821 0.139566 1.901866 0.758414 0.144344 1.947368 0.658328 0.07562595 1.924012 0.665921 0.08040297 1.969514 0.879642 0.135945 2.084467 0.779584 0.1466889 2.100034 0.697399 0.08987396 2.119712 0.864654 0.214492 2.878673 0.794528 0.165467 2.883795 0.999322 0.137171 2.886839 0.763536 0.205337 2.985218 0.813712 0.183903 3.046328 0.8061071 0.09851098 3.05437 0.867857 0.28011 2.990032 0.883649 0.23403 3.049555 0.950029 0.206912 2.8795 0.994866 0.270348 3.006476 0.968795 0.227486 3.060578 1.017955 0.158046 3.073838 1.068196 0.166767 3.026253 1.01035 0.072654 3.08188 1.056851 0.03939199 3.03825 0.940413 0.02252596 3.078652 0.95253 -0.03538197 3.033436 0.855266 0.02907097 3.067628 0.825521 -0.02561897 3.016992 0.855266 0.02907097 3.067628 0.767386 0.09273296 3.101058 0.8061071 0.09851098 3.05437 0.835013 -0.002792954 3.119298 0.940413 0.02252596 3.078652 0.852006 0.05532497 3.301349 0.8028 0.124816 3.29304 0.795158 0.172967 3.76115 0.952146 -0.01179599 3.134464 1.01035 0.072654 3.08188 0.847595 0.09846895 3.779378 0.761269 0.1842859 3.930202 0.937205 0.04795998 3.303873 1.048355 0.05716198 3.138904 1.007169 0.09705799 3.300156 0.9383831 0.09214496 3.798064 1.058817 0.174633 3.12784 1.017955 0.158046 3.073838 0.968795 0.227486 3.060578 0.826176 0.09262299 3.941161 0.8080919 0.1990889 3.992606 0.858711 0.126851 3.996277 0.9385591 0.08290797 3.944491 0.946386 0.118337 3.990391 1.0184 0.168249 3.979584 1.012937 0.146838 3.807123 1.030846 0.147671 3.939587 1.040853 0.259484 3.928054 1.02623 0.25564 3.969802 0.975611 0.327877 3.966132 1.014756 0.181825 3.291411 1.021021 0.23904 3.799052 0.975946 0.351148 3.917095 0.887936 0.336392 3.972016 0.968585 0.313538 3.780825 0.863563 0.360862 3.913765 0.815923 0.286479 3.982825 0.965549 0.251316 3.283104 0.877797 0.319862 3.762138 0.99119 0.270159 3.109601 0.8803501 0.258681 3.280579 0.874057 0.279162 3.094435 0.883649 0.23403 3.049555 0.803242 0.26517 3.753079 0.810386 0.209583 3.284296 0.777848 0.210204 3.089995 0.813712 0.183903 3.046328 0.771276 0.296099 3.918667 -0.792055 0.280437 5.498042 -0.706081 0.340407 5.459039 -0.736803 0.352206 5.491598 -0.773886 0.244272 5.467794 -0.882061 0.268447 5.497522 -0.7810209 0.25985 5.402208 -0.724592 0.340976 5.400526 -0.891362 0.233569 5.466594 -0.987867 0.30082 5.457623 -0.954097 0.323259 5.490341 -0.878758 0.249876 5.391416 -0.9983831 0.417654 5.445147 -0.965965 0.412766 5.480705 -0.9590361 0.305392 5.375863 -0.930577 0.513789 5.436392 -0.910713 0.484535 5.474261 -0.792707 0.268447 5.286697 -0.74593 0.335005 5.28233 -0.7121 0.24216 4.403733 -0.873727 0.260767 5.282958 -0.7629901 0.169866 4.409142 -0.673381 0.219208 4.297246 -0.940274 0.306973 5.274375 -0.7393161 0.124959 4.303553 -0.851133 0.161637 4.406228 -0.854038 0.114435 4.300155 -0.738936 0.123692 4.274016 -0.673023 0.217328 4.26701 -0.762453 0.163282 4.227263 -0.717781 0.2267439 4.222514 -0.8531 0.1130329 4.270242 -0.839826 0.156059 4.224705 -0.903379 0.200244 4.217342 -0.9468711 0.178228 4.259378 -0.910289 0.277234 4.208962 -0.9478 0.180208 4.290375 -0.957068 0.291826 4.247014 -0.865618 0.340695 4.204214 -0.957559 0.293859 4.279247 -0.9235311 0.211972 4.39784 -0.891156 0.385462 4.240007 -0.94751 0.387633 5.265501 -0.89169 0.387067 4.27294 -0.776991 0.396121 4.243781 -0.788244 0.347918 4.206773 -0.724692 0.303733 4.214135 -0.931403 0.299678 4.388294 -0.880514 0.371972 4.382886 -0.967765 0.403187 5.364539 -0.9007331 0.454191 5.261135 -0.911336 0.484313 5.362855 -0.792371 0.380201 4.3858 -0.813102 0.524491 5.437592 -0.820707 0.496526 5.474781 -0.7486711 0.441713 5.481963 -0.819714 0.461871 5.264873 -0.8136 0.494287 5.373649 -0.716597 0.4572409 5.446563 -0.733323 0.438772 5.389202 -0.753166 0.415665 5.273455 -0.719973 0.329866 4.394186 -0.7779721 0.397794 4.276337 -0.684106 0.33297 4.286117 -0.68322 0.330926 4.254646 -0.704982 0.347378 5.534771 -0.736803 0.352206 5.491598 -0.7486711 0.441713 5.481963 -0.720385 0.463548 5.522267 -0.820707 0.496526 5.474781 -0.747972 0.455042 5.586909 -0.735611 0.361815 5.596943 -0.81388 0.534689 5.512946 -0.910713 0.484535 5.474261 -0.832227 0.546462 6.428287 -0.817982 0.438435 6.439984 -0.789388 0.438299 6.516727 -0.823001 0.512133 5.57943 -0.930699 0.519127 5.51227 -0.807064 0.572345 6.502222 -0.851318 0.45427 6.561318 -0.863375 0.545711 6.551428 -0.914873 0.654455 6.490978 -0.936918 0.601727 6.543781 -0.9191101 0.612629 6.41918 -0.916748 0.499644 5.578886 -1.027735 0.598176 6.417996 -1.049661 0.636531 6.489581 -1.028867 0.589502 6.542855 -1.132472 0.529071 6.498849 -1.085358 0.516199 6.549192 -1.073301 0.424758 6.559083 -1.094471 0.51157 6.42543 -1.114797 0.395025 6.513353 -0.999758 0.368742 6.566731 -1.080225 0.403543 6.437124 -1.006988 0.312914 6.524597 -0.907809 0.380967 6.567656 -0.961935 0.331666 5.595634 -0.8722 0.330839 6.525994 -0.993343 0.337376 6.446232 -0.884718 0.351828 6.447416 -0.886906 0.274575 5.603113 -0.793159 0.287064 5.603656 -0.893512 0.238667 5.542458 -0.776693 0.254228 5.543135 -0.792055 0.280437 5.498042 -0.882061 0.268447 5.497522 -0.954097 0.323259 5.490341 -0.987007 0.309808 5.533138 -1.00241 0.425978 5.520634 -0.965965 0.412766 5.480705 -0.974296 0.424892 5.585599 -0.655562 -0.03873699 1.924464 -0.720775 -0.131379 1.931396 -0.730659 -0.09298598 2.095493 -0.674853 -0.01370698 2.08956 -0.8337271 -0.141924 1.927662 -0.827318 -0.10201 2.092297 -0.793641 0.00297296 2.907542 -0.740106 0.07902598 2.901851 -0.730511 0.08622395 2.993843 -0.926502 -0.07742094 1.916913 -0.789522 0.002392947 3.000115 -0.71586 0.08846497 3.052729 -0.90671 -0.04681199 2.083098 -0.936591 0.03496998 1.904681 -0.798332 0.02485495 3.087638 -0.745723 0.09959298 3.082046 -0.871378 0.127613 1.897749 -0.782082 -0.005608975 3.059768 -0.896781 -0.01631796 3.055976 -0.889455 0.016348 3.084625 -0.891731 -0.007148981 2.996737 -0.990991 0.04918199 3.045061 -0.9643 0.068385 3.075954 -0.886368 -0.005683958 2.904476 -0.975682 0.05121797 2.98701 -0.96253 0.04726797 2.895652 -1.001235 0.163312 3.032639 -0.972438 0.159055 3.066086 -0.9198281 0.233792 3.060493 -0.984811 0.15292 2.975941 -0.9153431 0.04936695 2.07263 -0.970812 0.1395339 2.88561 -0.859537 0.128646 2.066698 -0.917276 0.215587 2.879919 -0.9258 0.236751 2.969668 -0.935014 0.257387 3.0256 -0.820315 0.268095 3.029393 -0.828706 0.242299 3.063505 -0.753862 0.190263 3.072177 -0.823591 0.246293 2.973048 -0.726104 0.202595 3.040308 -0.739641 0.187926 2.982774 -0.748388 0.171292 2.891809 -0.824551 0.2242439 2.882986 -0.6834861 0.08247196 2.079091 -0.762879 0.13767 2.069893 -0.66565 0.073655 1.912232 -0.758425 0.138158 1.901483 -0.753862 0.190263 3.072177 -0.710811 0.09380698 3.141092 -0.745723 0.09959298 3.082046 -0.72141 0.211878 3.12824 -0.707979 0.09838896 3.165921 -0.818873 0.27964 3.11695 -0.828706 0.242299 3.063505 -0.9198281 0.233792 3.060493 -0.718746 0.2183369 3.152865 -0.937532 0.268562 3.113026 -0.750578 0.214533 3.289071 -0.742385 0.123261 3.299005 -0.817758 0.287176 3.141395 -0.938304 0.275922 3.13741 -1.00604 0.171238 3.120308 -0.972438 0.159055 3.066086 -0.9643 0.068385 3.075954 -1.007902 0.177051 3.144805 -0.9176461 0.258351 3.27731 -0.995442 0.05316698 3.133158 -0.825919 0.266914 3.280342 -0.997135 0.05710297 3.157862 -0.897979 -0.01459395 3.144449 -0.889455 0.016348 3.084625 -0.798332 0.02485495 3.087638 -0.77932 -0.003515958 3.148372 -0.898122 -0.01173597 3.169332 -0.777576 -4.82e-4 3.173317 -0.962411 0.09184598 3.292873 -0.88707 0.03946399 3.301601 -0.7953431 0.04802799 3.304634 -0.970604 0.183117 3.282939 -0.738591 0.125807 4.048491 -0.686637 0.199613 4.042971 -0.6624791 0.208276 4.175587 -0.910526 0.258333 4.027209 -0.762453 0.163282 4.227263 -0.717781 0.2267439 4.222514 -0.902489 0.168793 4.036955 -0.732819 0.108351 4.183063 -0.828577 0.117406 4.045518 -0.85465 0.09697699 4.179036 -0.839826 0.156059 4.224705 -0.903379 0.200244 4.217342 -0.954719 0.16655 4.16744 -0.965601 0.287778 4.154247 -0.910289 0.277234 4.208962 -0.858572 0.332139 4.021686 -0.895261 0.387703 4.146771 -0.865618 0.340695 4.204214 -0.773429 0.399077 4.150799 -0.788244 0.347918 4.206773 -0.768586 0.34054 4.024662 -0.724692 0.303733 4.214135 -0.694675 0.289153 4.033225 -0.67336 0.329504 4.162392 0.799394 0.49832 6.254782 0.791483 0.609885 6.322802 0.507406 0.491117 6.279355 0.7785971 0.640363 6.449454 0.494658 0.5787 6.33182 -0.407098 0.490962 6.277884 -0.398472 0.57862 6.33106 -0.7306401 0.498654 6.249777 0.768286 0.5719 6.560551 0.473896 0.602485 6.429745 -0.728711 0.612486 6.319528 -0.72557 0.643637 6.449322 0.02090096 0.602507 6.429955 0.1318669 0.602502 6.429904 -0.384424 0.602527 6.430139 0.214307 0.548579 6.516152 -0.06954199 0.548626 6.516604 0.457282 0.548538 6.515767 -0.373183 0.548677 6.517089 0.454548 0.44846 6.539493 0.204626 0.448507 6.53994 0.766589 0.4446009 6.591011 0.467297 0.360876 6.487029 0.137194 0.360908 6.487327 0.774501 0.333035 6.522993 0.488059 0.337091 6.389105 -0.01543998 0.360922 6.487463 0.787387 0.302557 6.396339 0.797698 0.371021 6.285243 0.504672 0.391039 6.303083 -0.405248 0.3909 6.301764 -0.394007 0.33705 6.388712 -0.730226 0.368823 6.280927 -0.727713 0.299045 6.39473 -0.724571 0.330195 6.524524 -0.379959 0.360956 6.487792 -0.06708699 0.448558 6.540425 -0.722643 0.444027 6.594276 -0.371333 0.448615 6.540968 -0.723056 0.573859 6.563127 -0.102935 -0.08436995 1.514091 -0.177422 -0.01506096 1.568074 -0.161038 -0.003340959 1.52355 -0.107878 -0.104315 1.550519 -0.081712 -0.08094996 1.601212 -0.134863 -0.01249796 1.617885 0.004528999 -0.11713 1.532874 -0.004117965 -0.09172999 1.499525 0.076159 -0.03287398 1.488448 -0.07028597 -0.08524197 1.72329 -0.122421 -0.01784795 1.731913 -0.168559 -0.04042899 1.799951 0.00485295 -0.09075397 1.587096 -0.09046298 -0.141665 1.788975 0.01462197 -0.09633398 1.721898 0.03672695 -0.158692 1.790058 0.07412195 -0.03616696 1.583807 0.08256596 -0.04462498 1.728553 0.138504 -0.08153396 1.802565 0.1552489 0.04460895 1.81917 0.09395295 -0.04599899 1.525474 0.07715195 0.145846 1.830146 0.108009 0.067411 1.532655 0.08360898 0.06700396 1.488521 0.02550595 0.148034 1.49798 0.085518 0.05083495 1.59327 0.03846496 0.156665 1.55021 -0.07331097 0.155394 1.512546 0.09374397 0.03959298 1.739356 0.03236597 0.119287 1.609943 0.04160898 0.106988 1.747979 -0.07394295 0.16948 1.567855 -0.1535879 0.09653699 1.523623 -0.05419796 0.129091 1.624059 -0.163366 0.09834897 1.575255 -0.123467 0.07450395 1.627348 -0.111243 0.06637096 1.742716 -0.04329895 0.118079 1.749371 -0.1518149 0.08571499 1.816556 -0.05003696 0.162872 1.829064 0.843851 0.439632 6.516201 0.939547 0.363159 6.567391 0.878477 0.450171 6.561775 0.919301 0.332167 6.523115 0.934238 0.364117 6.453683 0.8771131 0.44524 6.446812 1.049689 0.320098 6.516808 1.045116 0.353365 6.562319 1.131632 0.413894 6.550947 0.990079 0.277184 5.50816 0.939367 0.351032 5.483514 0.9258249 0.335345 5.414037 1.021992 0.271632 5.376597 0.973132 0.340732 5.361904 0.992175 0.240778 5.438387 1.107112 0.2329159 5.464189 1.10659 0.265394 5.390104 1.17606 0.315636 5.39537 1.077928 0.271994 5.537964 1.033002 0.355251 6.45177 1.15009 0.327621 5.556158 1.201523 0.302558 5.477394 1.2118 0.419737 5.467325 1.183592 0.400842 5.387547 1.134732 0.469943 5.372853 1.113944 0.412018 6.443472 1.157944 0.41993 5.549082 1.145449 0.514303 5.442975 1.156505 0.394852 6.502731 1.107232 0.493777 5.524434 1.168105 0.524868 6.488401 1.14103 0.519202 6.539344 1.122756 0.5104 6.4329 1.080248 0.606123 6.533745 1.065921 0.591432 6.426055 1.093068 0.632201 6.481512 0.962805 0.644717 6.487777 0.974766 0.616228 6.53879 0.88793 0.55579 6.550142 0.967243 0.60061 6.427943 0.855531 0.570094 6.501827 0.885982 0.543934 6.43621 1.019383 0.498967 5.49463 0.947222 0.44334 5.476438 1.030514 0.522166 5.417172 1.050134 0.476181 5.359347 0.980664 0.425939 5.35408 0.936101 0.452524 5.403968 0.92979 0.325319 5.30993 1.021992 0.271632 5.376597 0.973132 0.340732 5.361904 1.00094 0.2267569 5.326271 1.017526 0.257313 5.237115 0.966274 0.329366 5.227458 1.124095 0.217104 5.33766 1.10659 0.265394 5.390104 1.17606 0.315636 5.39537 1.106315 0.249818 5.241526 0.860035 0.142987 4.161521 0.808881 0.215178 4.149169 0.763262 0.195388 4.056302 0.9486351 0.135942 4.170529 0.831763 0.09763199 4.06127 0.760028 0.190954 4.014233 0.95041 0.08610898 4.053306 0.82854 0.09318298 4.019202 0.8080919 0.1990889 3.992606 0.858711 0.126851 3.996277 0.947204 0.081658 4.011235 0.946386 0.118337 3.990391 1.021409 0.18774 4.171882 1.047862 0.153654 4.038679 1.044671 0.149213 3.996607 1.0184 0.168249 3.979584 1.058459 0.271915 4.025443 1.05527 0.267493 3.98337 1.02623 0.25564 3.969802 0.975611 0.327877 3.966132 0.986759 0.365263 3.978401 0.887936 0.336392 3.972016 0.868094 0.376788 3.986367 0.815923 0.286479 3.982825 0.989959 0.369671 4.020476 0.871312 0.381194 4.02844 0.770627 0.309233 4.000996 0.773859 0.313649 4.043066 0.816795 0.30375 4.140607 0.889568 0.355548 4.14196 0.974218 0.417377 5.218542 0.978168 0.348502 4.150968 1.047154 0.468471 5.216152 0.940728 0.446216 5.298163 1.029322 0.276311 4.163322 0.980664 0.425939 5.35408 1.041843 0.51689 5.299259 1.050134 0.476181 5.359347 1.134732 0.469943 5.372853 1.135942 0.460976 5.220562 1.164997 0.507237 5.310648 1.183592 0.400842 5.387547 1.187195 0.388923 5.230218 1.236148 0.408676 5.326989 1.179252 0.300912 5.239136 1.225209 0.287779 5.338759 -0.07700896 0.478599 6.679596 -0.01304894 0.379145 6.703838 -0.04339295 0.479677 6.716646 -0.032772 0.359037 6.663939 0.004612982 0.414379 6.630254 -0.02340698 0.489308 6.639341 -0.02947896 0.474319 6.592721 0.08785796 0.315094 6.660121 0.08006799 0.329311 6.697749 0.181411 0.359366 6.701943 0.001783967 0.392181 6.559142 -0.06272196 0.453217 6.566324 0.07777398 0.381257 6.624563 -0.005002975 0.354461 6.504634 -0.06708699 0.448558 6.540425 -0.01543998 0.360922 6.487463 0.08008795 0.371216 6.556166 0.117348 0.347275 6.512766 0.137194 0.360908 6.487327 0.150027 0.410982 6.575355 0.183567 0.418824 6.551569 0.204626 0.448507 6.53994 0.1532199 0.409344 6.625605 0.20411 0.533405 6.556771 0.214307 0.548579 6.516152 0.175684 0.503512 6.574841 0.186755 0.482188 6.63277 0.208418 0.358622 6.66836 0.231615 0.451704 6.713964 0.252463 0.478031 6.685636 0.2012709 0.552237 6.726768 0.208226 0.597594 6.701295 0.1081539 0.602071 6.732858 0.158735 0.557116 6.64186 0.08759599 0.641536 6.705112 0.006810963 0.572016 6.728662 0.132821 0.583439 6.548777 0.08557295 0.590238 6.647548 -0.03296399 0.598009 6.696875 0.01012796 0.562151 6.646506 -0.002267956 0.567285 6.5981 0.05928999 0.606971 6.546727 -0.05263495 0.552701 6.556952 -0.06954199 0.548626 6.516604 0.02203196 0.625912 6.482363 0.02090096 0.602507 6.429955 0.1318669 0.602502 6.429904 0.134962 0.618145 6.484966 0.08080196 0.413775 7.286963 0.529233 -0.524091 1.432808 0.282637 -0.709888 1.465948 0.6865921 -0.257218 1.411661 -0.01565694 -0.786327 1.506035 -0.320237 -0.7417681 1.546967 -0.584729 -0.582996 1.582513 -0.768872 -0.334182 1.60726 -0.844629 -0.03320699 1.617441 0.7307521 0.050098 1.405726 -0.800469 0.27411 1.611506 0.654995 0.351074 1.415907 -0.64311 0.540983 1.590358 0.470852 0.599888 1.440654 -0.396514 0.72678 1.557218 0.20636 0.75866 1.476199 -0.09821999 0.803219 1.517131 -0.890316 0.457628 6.560028 -0.934922 0.399747 6.565034 -0.900927 0.538101 6.551325 -0.984302 0.393182 6.564535 -0.952374 0.577286 6.545974 -1.035749 0.432368 6.559186 -0.961143 0.422373 6.53802 -1.04636 0.512841 6.550481 -1.016532 0.474155 6.531252 -0.917624 0.491334 6.531825 -0.973012 0.543116 6.525056 -1.001754 0.570721 6.545477 1.058401 0.568458 6.538961 1.100323 0.508509 6.542824 0.98565 0.575428 6.542441 1.093842 0.435878 6.550825 1.017795 0.537964 6.508951 1.066783 0.472859 6.512948 1.034171 0.39413 6.558669 0.961359 0.400885 6.562167 1.00196 0.424112 6.52182 0.952835 0.489259 6.517817 0.919239 0.460898 6.558295 0.925759 0.533744 6.550272</float_array>
          <technique_common>
            <accessor source="#SK_Checkpoint_md-mesh-positions-array" count="813" stride="3">
              <param name="X" type="float"/>
              <param name="Y" type="float"/>
              <param name="Z" type="float"/>
            </accessor>
          </technique_common>
        </source>
        <source id="SK_Checkpoint_md-mesh-normals">
          <float_array id="SK_Checkpoint_md-mesh-normals-array" count="2289">-0.2957016 -0.9175327 0.2658842 -0.3188942 -0.9316264 -0.1742946 0.08072251 -0.9648248 0.250194 0.06244128 -0.9823365 -0.1763982 0.4441184 -0.8644927 0.2353962 0.4359997 -0.8829253 -0.1742045 0.7385723 -0.6515307 -0.1732593 0.7379165 -0.6363191 0.2248938 0.9232291 -0.3149862 0.2200722 0.9321319 -0.3174961 -0.1741452 0.9744711 0.05023419 0.2188211 0.9829867 0.06369316 -0.1722798 0.8844122 0.4339507 -0.1717613 0.8855422 0.4077352 0.2226368 0.6506969 0.7395074 -0.1724022 0.667787 0.7074922 0.2313342 0.3507261 0.9040993 0.2441226 0.3184394 0.932032 -0.1729534 -0.06335771 0.9829602 -0.1725552 -0.02081429 0.9654841 0.2596293 -0.4352963 0.8840516 -0.1702059 -0.3897573 0.8789454 0.2748535 -0.7411918 0.6502748 -0.1666659 -0.6988989 0.6550422 0.2871589 -0.897499 0.3280779 0.2947208 -0.9335563 0.3184694 -0.1644687 -0.9538674 -0.05179047 0.2957279 -0.9845061 -0.06363171 -0.1633977 -0.885703 -0.4346265 -0.1631871 -0.8585442 -0.4230614 0.2896912 -0.6534437 -0.738012 -0.1683737 -0.6268931 -0.7272704 0.279433 0 -0.9945347 0.1044067 0 0.9945347 -0.1044067 -0.2242853 -0.4845833 0.8455029 -0.3769113 0.09668457 0.9211895 -0.4164678 -0.2223033 0.8815531 0.109533 -0.5429959 0.8325611 -0.1213745 0.3076938 0.9437122 0.3951894 -0.3413541 0.8528205 0.2222411 0.2791901 0.9341636 0.4443551 0.007293999 0.895821 0.713663 -0.09280914 0.6943138 0.7504653 0.6390705 0.1684961 0.7192837 0.3801815 0.5814577 0.7367941 -0.5104638 0.4433522 0.7896021 0.5295449 -0.3100177 0.7757353 -0.6302506 -0.03192299 0.8136116 0.1086484 -0.5711669 0.8078131 -0.3745929 -0.4551025 -0.7777283 0.6174399 0.1179273 -0.7640756 -0.09622663 0.6379098 -0.7664348 0.3689495 0.525789 -0.772061 -0.503802 0.3874344 -0.7912675 0.5048767 -0.3449569 -0.7856584 -0.6138347 -0.07712227 -0.7991742 0.09897357 -0.5928953 -0.7968489 -0.3636634 -0.4824736 -0.6358139 -0.210005 -0.7427238 -0.03454732 -0.5525437 -0.8327677 -0.4053599 -0.514986 -0.7552965 -0.5895964 0.1700823 -0.7895873 -0.2806526 0.3816094 -0.8806864 0.2436615 -0.3342717 -0.9104348 0.280835 0.01861649 -0.9595755 0.07620513 0.3180353 -0.9450113 -0.8825196 0.4516209 0.1311404 -0.8610001 -0.06418126 0.504539 -0.8608074 0.2743316 0.4286641 -0.872097 -0.3629693 0.328177 -0.898295 -0.4392899 -0.009521901 -0.9029722 0.3762105 -0.2076222 -0.9198999 0.07721275 -0.3844768 -0.9142939 -0.2623124 -0.3086405 0.9616894 0.04550403 -0.2703388 0.9449602 -0.325882 -0.02917617 0.9572248 -0.1812211 -0.225565 0.9528367 0.2572454 -0.1610187 0.9366437 0.3411775 0.0793507 0.9215525 -0.2942644 0.2532774 0.9090146 -0.05969554 0.4124671 0.914231 0.2172046 0.3420584 -0.4504585 0.04300105 -0.8917613 -0.08499628 -0.6237846 -0.7769611 -0.4081615 -0.3632375 -0.8375338 -0.2136334 0.3919257 -0.8948492 0.2091494 0.4692664 -0.857931 0.3630543 -0.5907567 -0.7205541 0.6419105 -0.2338076 -0.7302636 0.58673 0.2183337 -0.7797939 0.460875 0.07733643 -0.884089 0.8043 -0.03833192 -0.5929858 0.2904505 -0.2429932 -0.925523 0.4964866 -0.5815438 -0.6444438 -0.06692928 -0.3693473 -0.9268781 0.9929769 -0.1167669 -0.01904404 -0.1069999 -0.7570264 -0.6445634 0.6203316 -0.7808316 -0.07410037 -0.6621771 -0.4601393 -0.5914334 -0.4137812 -0.2100035 -0.8858237 -0.1135621 -0.9899226 -0.08459937 0.5443393 -0.7259892 0.420279 0.8745794 -0.1387082 0.4646193 0.3415415 -0.4682883 0.814896 0.5379922 -0.08694916 0.8384536 -0.09888017 -0.9120174 0.3980539 -0.03967475 -0.6022635 0.7973109 -0.4353913 -0.4231835 0.7945755 -0.6987367 -0.585358 0.411246 -0.7828889 -0.6205552 -0.04468065 -0.8911793 0.06854522 0.4484431 -0.5870422 -0.03711163 0.8087052 -0.3906128 0.3837155 0.8367701 -0.992784 0.1177119 0.02288925 -0.5491878 0.6735829 0.4946505 -0.8463258 0.1514664 -0.5106765 -0.5436397 0.171213 -0.8216702 -0.5311395 0.7152972 -0.4541376 -0.3481072 0.5296993 -0.7734598 0.03445631 0.630224 -0.7756485 -0.6156928 0.7841278 0.07788479 0.09390634 0.8834581 -0.4590027 0.3656828 0.4334358 -0.8236563 0.1242738 0.9883311 0.08807814 0.6435843 0.5638993 -0.5175104 0.7891402 0.6123414 0.04791545 0.7012014 0.5037444 0.5045378 0.1073663 0.8490428 0.5172996 0.007629692 0.5203481 0.8539202 0.4142397 0.3043394 0.857778 -0.4177201 0.1492403 -0.8962351 -0.3887483 0.7587885 -0.5226037 0.1337035 0.1478338 -0.979933 -0.3377232 0.9256107 0.1708453 0.1258618 0.7829437 -0.6092275 -0.2995507 0.5511244 0.7788013 0.09012138 0.9880702 0.1248821 0.05072283 0.6037301 0.7955735 -0.291581 -0.1438373 0.9456698 0.1500622 0.811288 -0.5650603 0.1843343 0.1591562 -0.9698919 -0.1985912 0.1582137 -0.967228 0.07446575 0.9811782 0.1781685 -0.164348 0.811119 -0.5613161 -0.262981 0.1484132 -0.9533177 0.01348942 0.5750108 0.8180346 -0.2241052 0.7843837 -0.5783765 0.4135646 0.1404185 -0.8995816 -0.09454816 0.9798768 0.17579 -0.1354128 0.979813 0.1470711 0.4055418 0.7289255 -0.5515466 0.4012066 0.9078574 0.1217719 0.3836609 0.557195 0.7364361 -0.06213712 0.5906693 0.8045177 0.3770596 -0.1484128 0.9142209 -0.04699999 0.5762688 0.8159077 -0.03701919 -0.1601623 0.9863963 -0.0332657 -0.1516795 0.9878699 0.3943464 -0.7562197 0.5221328 -0.09579896 -0.811438 0.5765336 -0.07403951 -0.7937429 0.6037304 -0.001068115 -0.1500937 0.9886713 0.03720235 -0.1652897 0.9855432 0.0520963 -0.7923401 0.6078513 -0.1347408 -0.9816393 -0.1350154 0.07959312 -0.8261756 0.5577625 -0.3234391 -0.7529924 0.573053 0.1261355 -0.9826853 -0.1357185 -0.3715152 -0.9205631 -0.1205829 0.1138046 -0.9760217 -0.1855543 -0.4126483 -0.5463829 -0.7288259 0.131478 -0.5676933 -0.8126733 0.1829919 -0.5859648 -0.7894045 -0.1938265 -0.5876445 -0.7855606 -0.1780773 -0.9707736 -0.1608953 -0.2499807 -0.5676525 -0.7843981 0.4112807 -0.8968154 -0.1630046 0.4093555 -0.5249933 -0.7461972 -0.9580243 -0.2622504 -0.1158199 -0.5138553 -0.8450214 -0.147958 -0.479064 -0.8503333 0.2177869 -0.9469608 -0.2406467 0.2129654 0.1912921 -0.9418724 -0.2761955 -0.4843049 -0.8466256 0.2206214 -0.9507603 -0.2389337 0.1973972 0.7424667 -0.5122617 -0.431661 -0.496423 -0.8644829 -0.07895278 -0.9603087 -0.2653011 -0.08615493 -0.951296 -0.2324983 0.2024365 0.2699096 -0.9512454 0.1492682 0.2702506 -0.9549566 0.1225665 0.865522 -0.5007576 -0.01065117 0.8686239 -0.4942812 0.03433352 0.2555368 -0.9583622 -0.1274479 0.963257 0.2452853 -0.1094124 0.8346778 -0.5017101 -0.2271566 0.8318507 0.1869276 -0.5225732 0.4108771 0.7610519 -0.5019763 0.9654493 0.2522425 -0.0654335 0.5080475 0.8540397 -0.1118211 -0.2881327 0.8815805 -0.373892 -0.2438458 0.9695848 -0.02108854 -0.861224 0.4598037 -0.2165039 -0.848474 0.5163602 0.1160353 0.5056728 0.8586274 -0.08398884 -0.2474816 0.9687155 -0.01852524 -0.8514845 0.5144614 0.1015067 -0.2590447 0.9222212 -0.2870611 -0.8579685 0.4785786 -0.1866887 0.9283002 0.2193409 -0.3002471 -0.8526293 0.511187 0.108219 -0.6337542 0.4014753 0.6611907 -0.7063021 -0.09720313 0.7012054 -0.2642328 0.9623836 0.06323516 -0.2434492 0.7346202 0.6332975 0.4897423 0.8004587 -0.3455694 0.4927912 0.8665277 0.07928848 0.2895396 0.6774135 0.6762232 0.6383142 0.2653971 0.7225784 0.9495924 0.2750049 0.1504881 0.5503889 -0.2678087 0.7907912 0.8507319 -0.470428 0.2344205 0.1168572 -0.5959137 0.7945007 0.2477566 -0.9291329 0.274461 -0.3964437 -0.4982861 0.7710663 -0.4939882 -0.8308621 0.2562109 -0.3407161 -0.7346881 -0.5866396 -0.9337323 -0.2821187 -0.220348 -0.7231283 -0.2747057 -0.6337368 -0.4699698 -0.8717591 -0.1384364 0.2519624 -0.7998038 -0.54482 -0.5048569 -0.8407568 0.1955702 -0.9624393 -0.245798 0.1152998 -0.9596393 -0.2698795 -0.07910519 0.2771472 -0.9562662 -0.09351158 0.6917164 -0.4323342 -0.5784598 -0.4849452 -0.8744884 -0.00991863 -0.9466148 -0.2281922 0.2277039 0.2530351 -0.9424347 0.2186094 0.858875 -0.4997541 -0.1121585 0.8564658 -0.481535 0.1859852 0.2777553 -0.9605615 0.01318424 0.954388 0.2298991 -0.1904991 0.7718962 0.1267164 -0.6229922 0.4248899 0.5776696 -0.6969696 -0.511235 -0.8132882 0.2778511 -0.7702453 -0.1629424 0.6165809 -0.3715804 -0.6702182 0.642445 0.2406719 -0.9360142 0.2568164 0.3066868 -0.778055 0.5482459 0.8148772 -0.3799403 0.4377447 0.8682394 -0.4945933 -0.03921705 0.848491 -0.4986205 0.1773157 0.9593129 0.2720795 0.07544368 0.9054136 0.2535842 0.3404724 0.5118092 0.7720171 0.3768833 0.9573058 0.2702198 0.1026982 0.9641724 0.2384489 -0.1162488 0.4720707 0.8798986 0.05411046 -0.1617504 0.8772062 0.4520467 0.5129688 0.8382132 -0.1850997 -0.2708895 0.9593747 0.07886189 -0.67783 0.4798523 0.5570353 0.4912087 0.8704421 0.03231996 -0.2395122 0.949931 -0.2006617 0.5083596 0.8164212 -0.2739105 -0.2644186 0.9644076 0.00100708 -0.2294695 0.9189465 -0.3207508 -0.149638 0.6810165 -0.716816 -0.8576915 0.4875501 -0.1632797 -0.8647684 0.5004273 0.04181158 -0.8329277 0.4648672 -0.3002166 -0.630653 0.3164862 -0.7085996 -0.8563026 0.4955068 0.1456673 0.3453848 -0.5017952 0.7930391 0.9447656 -0.230942 0.2325595 0.7008541 -0.1168904 0.7036619 0.4809822 -0.8242924 0.2986606 -0.1907146 -0.6082177 0.7705189 0.5042741 -0.8427966 -0.1881529 0.9356932 -0.2649996 -0.2329238 -0.2578912 -0.9238609 0.2827953 -0.8545206 -0.4574595 0.2460191 -0.593575 -0.2439123 0.7669261 -0.2129043 -0.9609386 -0.1768302 -0.9518327 0.2657917 0.1528706 -0.6944271 0.240733 0.6780994 -0.8195313 -0.5184902 -0.2440007 -0.4973487 0.8597393 0.1161579 -0.3309472 0.6614062 0.6730645 0.5014289 -0.865186 -0.004730403 0.9632737 -0.2637459 -0.05041748 0.9462203 -0.2306648 0.2268499 -0.2551702 -0.9668759 -0.006256401 0.483424 -0.8278025 0.284683 0.9499136 -0.2413772 0.1984976 -0.860364 -0.5054269 -0.06570762 0.4895581 -0.8393994 0.2360963 -0.2654873 -0.9287629 0.2586814 -0.2587125 -0.9413998 0.2164127 0.4717968 -0.8225848 -0.3174305 0.9002681 -0.269702 -0.3417283 0.3483459 -0.6216147 -0.7016055 0.6587789 -0.2392369 -0.7132855 -0.2211449 -0.9182125 -0.3286045 -0.1376727 -0.6995949 -0.7011514 -0.5268256 -0.3956532 -0.7522722 -0.7837426 -0.4972859 -0.3720946 -0.6101074 0.09528058 -0.7865688 -0.8586603 -0.4870879 0.1595243 -0.8837401 0.2015478 -0.4223531 -0.2961561 0.4876626 -0.8212654 -0.961344 0.261394 0.08655142 -0.862356 -0.4706395 0.1866566 -0.4529308 0.7691981 -0.450764 -0.959716 0.2445527 -0.1383448 -0.5006052 0.8639964 0.05389672 0.2545608 0.8628088 -0.4367606 0.2010607 0.566559 -0.7991155 0.5875853 0.250196 -0.7695099 -0.9591286 0.268783 0.08847528 -0.5008772 0.8644191 0.04361158 -0.9240383 0.2258441 -0.3084604 -0.4965824 0.845359 -0.1969116 -0.4574873 0.8087972 -0.3695301 0.246016 0.9676449 0.05603343 0.2495855 0.9626348 0.1050774 0.1814351 0.7677956 0.6144684 0.5886874 0.4176876 0.6920869 0.2605429 0.9465548 -0.190135 0.2865728 0.8904204 -0.3535923 0.8409235 0.5145826 0.1674888 0.8430178 0.4389808 -0.3108328 0.864086 0.485253 -0.1337345 0.8447272 0.5162239 0.1412405 0.2525175 0.9652066 0.06790566 0.852873 0.5046432 0.1339509 0.8140181 0.4289832 -0.3915967 0.9622165 -0.2657021 -0.05951285 0.7627619 -0.261548 -0.5914281 0.6856719 0.3192295 -0.6541762 0.8624678 0.4861987 -0.1405707 0.2173564 0.6705027 -0.7093535 0.832018 0.5048813 0.2298716 0.9265219 -0.214517 0.3090949 0.2569391 0.9442566 -0.2058199 -0.3611873 0.5872384 -0.7243583 0.8555098 0.4731672 -0.2102762 0.9540812 -0.2734492 -0.1222891 0.9361292 -0.2208707 0.2736392 0.2570043 0.9555032 0.1447843 -0.4961457 0.8407346 -0.2168062 0.836121 0.5124278 0.1957541 0.3531981 -0.01190245 0.9354729 0.3088225 0.2874897 0.9066302 0.2485464 0.9615303 0.1169791 0.07101899 0.4752506 0.8769796 0.2528827 0.9159446 -0.3116018 -0.4842199 0.8690382 0.1015073 -0.4801062 0.7979389 -0.3644058 -0.4917176 0.8669452 0.0813629 -0.2409796 0.4456413 0.8621674 -0.955506 0.2742704 0.1085546 -0.4482408 0.1961492 0.8721271 -0.4101838 -0.1302883 0.9026485 -0.916531 0.2099741 -0.3404145 -0.8606818 -0.4743043 0.185101 -0.1453626 -0.3243268 0.9347095 -0.8228921 -0.5072004 -0.256118 -0.2580685 -0.9284178 0.2672852 0.1731638 -0.2675586 0.9478538 -0.8528827 -0.477469 0.2112216 0.4871493 -0.8186196 0.3042165 -0.2497407 -0.9553203 -0.1580908 0.488091 -0.8668628 -0.1015673 -0.2460182 -0.9219352 0.2991833 0.4893144 -0.8036623 0.3386716 -0.2565761 -0.9662728 -0.02203494 0.4972155 -0.8675636 -0.01049852 0.4024938 -0.7252092 -0.5586326 -0.1774404 -0.798909 -0.5746822 -0.6361787 -0.4461948 -0.6294338 -0.8572866 -0.5074441 -0.0869494 -0.9563122 0.239635 -0.1674576 -0.7118422 0.1250393 -0.6911193 -0.9532719 0.2735449 0.1282423 0.9588999 -0.2722275 -0.08002018 0.4807735 -0.8747496 -0.06058114 0.5036325 -0.8441689 0.1836662 0.9615079 -0.2435128 0.1272956 -0.2617318 -0.9586659 -0.1116083 -0.2529992 -0.9527298 0.1682185 0.4960058 -0.8665758 0.05499643 0.9655335 -0.2599924 0.01220762 0.9503079 -0.2700647 -0.1548545 -0.8383483 -0.5042481 -0.2071378 0.4956532 -0.8619989 -0.1062353 0.9354805 -0.2253857 0.272172 -0.8634509 -0.4949308 0.09744799 -0.9306272 0.2167485 -0.2948782 0.3294819 -0.535576 0.7775603 0.6747256 -0.1114878 0.7295998 -0.4938905 0.804819 -0.3291484 0.4803367 -0.8152813 0.3234086 -0.2598112 -0.9123452 0.3164246 -0.2116531 -0.6171666 0.7578313 -0.2469297 -0.9636088 -0.1023914 -0.8501138 -0.4626719 0.2514786 -0.6349177 -0.2774484 0.7210423 -0.2607273 -0.9649016 0.03140443 -0.8422408 -0.5108014 -0.1723729 -0.8619537 -0.5042687 -0.05243194 -0.9470419 0.2714074 0.1716095 -0.7164996 0.2549575 0.6493268 -0.3784698 0.6819537 0.6258593 -0.9409282 0.2296242 -0.2488511 -0.9648272 0.26286 0.003631711 -0.9598801 0.2435102 -0.1390441 -0.492584 0.86895 -0.04782396 -0.499909 0.8456641 -0.1869317 -0.4815003 0.8188587 -0.3124548 -0.494253 0.8613035 0.1177723 0.2447959 0.9612383 0.126869 0.1612931 0.7676761 0.620208 0.5914911 0.4305027 0.6817666 0.2603573 0.9175221 -0.3006117 0.8383039 0.5111677 0.1896163 0.8508791 0.4641991 -0.2460163 0.8645189 0.4960904 -0.08063185 0.255809 0.9534699 -0.1595525 0.863834 0.502156 0.0403763 0.2639566 0.9638734 -0.03570687 0.8547577 0.4867238 -0.1802477 0.2439682 0.927897 -0.2819337 0.7339636 0.3719717 -0.5682732 0.917199 -0.2891101 -0.2741556 0.8193236 -0.2617954 -0.5100706 0.8266109 0.4150298 -0.3800854 0.9649387 -0.2388084 0.1089211 0.2570917 0.862893 -0.4351088 0.2319473 0.7768403 -0.5854228 -0.4155747 0.6877415 -0.595239 0.8599717 0.5103125 -0.005462944 -0.4721628 0.7735096 -0.4227827 0.8574189 0.5120891 0.05096781 0.9610892 -0.247513 0.1226578 0.2564185 0.963782 -0.07330602 -0.4944143 0.8678191 -0.04944139 -0.9216517 0.1998402 -0.3325991 -0.8186317 0.1756718 -0.5467921 -0.719314 -0.465697 -0.5154743 -0.9605305 0.2740013 0.04800665 -0.5034097 0.8608778 0.07394731 -0.818459 -0.5231264 -0.237621 0.2452806 0.9691591 0.02383524 -0.8664149 -0.4699375 0.1687722 -0.2381404 -0.9554914 -0.1741418 -0.20405 -0.85737 -0.4725255 0.4260172 -0.7612093 -0.4889477 0.4763482 -0.8573841 -0.1948974 -0.262647 -0.9355617 0.2360954 0.5000569 -0.8394914 0.2125967 -0.8560425 -0.4620963 0.2316433 -0.2684178 -0.9299556 0.2512659 0.4868087 -0.8467195 0.2146707 -0.9511328 0.2695766 0.150582 0.5166624 -0.8549695 -0.04568743 0.9582927 -0.266735 -0.1026044 0.9192675 -0.2130237 0.3310108 -0.9502051 0.2374673 -0.2017908 0.3042467 -0.4921233 0.8156277 0.6247894 -0.09760046 0.7746693 -0.8424831 -0.5268533 -0.1124633 0.4645615 -0.8057345 0.3673888 -0.2292599 -0.9725539 -0.03973591 -0.2722657 -0.9033812 0.3313212 -0.1986814 -0.5676917 0.7989068 -0.586089 -0.2489138 0.7710653 -0.8585389 -0.4545547 0.2372571 -0.9506123 0.2724145 0.1487506 -0.6586936 0.2418028 0.7124987 -0.4680181 0.8398079 -0.2751037 -0.502836 0.857684 0.1073974 -0.3478919 0.6295565 0.6947157 0.2302975 0.9621468 0.1457289 0.1443257 0.7110998 0.6881187 0.2830057 0.9220192 -0.2641752 0.5418398 0.4023361 0.7379264 0.8667787 0.4566603 -0.2003897 0.8201281 0.5218581 0.2346362 0.1715791 0.1571435 -0.9725568 0.1474081 0.8047327 -0.5750445 -0.04391741 0.150064 -0.9877005 0.1073042 0.9806617 0.1636725 -0.05173033 0.7968917 -0.6019033 0.0471521 0.1517413 -0.9872949 0.05307227 0.8011811 -0.5960639 -0.1753608 0.1551269 -0.9722059 0.07382529 0.5828204 0.8092405 -0.06613385 0.9874916 0.1431324 -0.1608665 0.8007925 -0.5769344 -0.1366648 0.9779561 0.1578756 1.22077e-4 0.9970052 -0.07733595 0 0.9974989 -0.07068312 0.06433326 0.987186 0.1460316 0.001037597 0.6318071 0.775125 0.00100708 0.6429477 0.7659095 -0.07703006 0.5883768 0.8049095 0.07419157 0.5886193 0.8049988 -0.07846426 -0.1573558 0.98442 0.001312255 -0.2277002 0.9737305 0.06784355 -0.1536628 0.9857917 -0.06985896 -0.8125798 0.5786483 2.74669e-4 -0.9133062 0.4072736 0.0931738 -0.8011178 0.5912097 -0.05536234 -0.9831249 -0.1743579 1.52596e-4 -0.9069411 0.4212574 0.1336753 -0.980042 -0.1471344 0.1659643 -0.5831334 -0.7952429 -0.04519838 -0.577386 -0.8152194 0.04721277 -0.5810807 -0.8124754 0.05505585 -0.9842005 -0.1682806 -0.1710939 -0.5805473 -0.7960475 -0.1514654 -0.9767889 -0.1514654 -0.1272042 -0.8007333 0.585359 0.06705081 -0.8117517 0.5801409 0.001312255 -0.2094497 0.9778186 -0.1124017 -0.154457 0.9815849 0.0750758 -0.1579338 0.9845916 -0.1166734 0.5823295 0.804537 -0.4982876 -0.7217495 -0.4804033 -0.9491962 -0.2805289 0.1425839 -0.9137822 -0.1835743 -0.3623571 -0.4894135 -0.8713673 0.03454822 -0.4078625 -0.8623588 0.2999761 -0.8645825 -0.3099239 0.3955307 0.2505609 -0.9618671 -0.1096853 0.149026 -0.7676537 -0.623297 0.7529097 -0.3940339 -0.5271284 -0.4846105 -0.7923332 -0.3706222 -0.9355077 -0.2071039 -0.2862403 -0.9603697 -0.2682309 0.07577848 0.3005198 -0.9314986 0.2049345 -0.4987136 -0.8666526 -0.01406931 0.2504414 -0.8673894 -0.4300171 0.2562406 -0.965175 -0.05270689 0.8587126 -0.4872356 0.1587902 0.8091275 -0.4083786 -0.4225396 0.8646951 -0.5019767 -0.01794517 0.964828 0.2531247 0.0709567 0.865637 -0.4917809 -0.09393703 0.4982321 0.8516184 0.1628219 0.965129 0.2585559 -0.0409258 0.8394626 0.2784271 -0.4666699 0.4216168 0.8668247 -0.2661848 0.956992 0.2150385 0.1947433 0.4909673 0.8630002 0.1190871 -0.2683217 0.9355247 -0.2297763 0.8869975 0.2915763 -0.3580767 0.5235283 0.7998808 0.2934432 0.461121 0.841426 -0.2817266 -0.2521789 0.9457245 0.204966 -0.8547689 0.4832643 -0.1892772 -0.2043266 0.89861 0.3882665 -0.8518955 0.4590464 0.2520925 -0.788068 0.4375544 0.4330071 -0.8243604 0.5178843 -0.2285295 -0.2434534 0.9425312 -0.2288346 -0.860884 0.4816531 0.1639793 -0.2606922 0.9442538 0.2010583 -0.9626687 -0.2490676 0.1059933 -0.2287454 -0.4038981 0.8857436 -0.4759488 -0.05621653 0.8776745 -0.4980136 -0.8596366 0.1140505 -0.501001 -0.8336589 -0.2324027 -0.9295802 -0.2671028 -0.2540407 0.2647263 -0.9628298 0.05365329 0.1958732 -0.4575155 0.8673599 0.537113 -0.2042366 0.8184114 -0.553367 -0.8019427 0.2251067 -0.968513 -0.2239466 0.1087688 -0.929765 -0.2821493 -0.2364926 -0.3091587 -0.785318 -0.5363736 -0.6958703 -0.2817541 -0.6605901 -0.4645271 -0.8819638 -0.07971519 0.262587 -0.9617202 0.07837319 0.2958228 -0.874101 -0.3852746 0.82147 -0.4612452 -0.3353207 0.1754213 -0.9325592 0.3155326 0.2243173 -0.9457953 -0.2348465 0.8061009 -0.4740226 0.3542656 0.8633831 -0.4802473 0.1547009 0.9578379 0.2705202 0.09677565 0.9103516 0.1910185 -0.3671132 0.5152527 0.6842365 -0.5160767 0.8012242 -0.512786 -0.3083674 0.9135375 0.296496 0.2784591 0.5121386 0.8568808 -0.05890154 0.8642008 -0.5019427 -0.0347914 0.4223861 0.8903679 0.1698089 0.9631695 0.2490629 -0.1013525 0.5796849 0.2178778 0.7851718 0.9065271 0.2144853 -0.3635996 0.3264327 0.5498023 0.7688688 0.4457677 0.7948192 -0.411769 0.501672 0.8581344 -0.1092276 -0.2502272 0.96688 -0.05029565 -0.08758932 0.5972251 0.7972767 -0.4223591 0.354026 0.8344331 -0.269485 0.8847838 -0.3801783 -0.8604973 0.507997 0.03851556 -0.8367169 0.4344116 -0.3334538 -0.3359849 0.9398055 0.06228947 -0.8803535 0.4712147 0.05417132 -0.2444253 0.9431846 -0.2250764 -0.1378238 0.7518967 -0.6447139 -0.6071239 0.3447479 -0.7159258 -0.8289649 0.4758567 -0.2939007 -0.9612914 -0.2431764 0.1295536 -0.4161923 -0.5879857 0.6935827 -0.7459824 -0.1145387 0.6560421 -0.4921774 -0.8511096 0.1826857 -0.4721975 -0.873071 -0.1215591 -0.9531758 -0.2731164 -0.1298592 0.2529745 -0.947197 0.1970326 0.12571 -0.7085422 0.6943811 0.6205472 -0.3315302 0.7106398 0.2690283 -0.9487254 -0.1659643 -0.4917903 -0.8049502 0.33196 -0.9211193 -0.204232 0.331404 -0.934807 -0.2237982 0.2757726 0.238573 -0.9426031 0.2336288 -0.4782313 -0.8265742 0.2967659 -0.8575201 -0.2654229 -0.4406929 0.2603308 -0.937313 0.231673 -0.4730406 -0.7862241 -0.3975983 -0.3774335 -0.1831775 -0.9077389 -0.2198589 -0.4067267 -0.8866991 0.1773483 -0.8905261 -0.4189401 0.07068204 -0.4916309 -0.8679304 0.8627541 -0.4932552 0.1111518 0.8658297 -0.4828137 0.1312631 0.7261678 -0.5012127 -0.4706022 0.3528948 -0.304247 -0.8848158 0.9637362 0.2631978 0.04403924 0.8196263 0.1775918 -0.5446779 0.4158552 0.02185177 -0.9091683 0.1833589 0.256727 -0.9489315 0.3914691 0.7066403 -0.5894163 -0.1421865 0.2685948 -0.9527015 -0.2680466 0.7713323 -0.5772327 -0.3395549 0.07287943 -0.9377586 0.501797 0.8645789 0.02652114 -0.2462289 0.965475 0.0850265 -0.7787776 0.3733505 -0.504098 -0.8347252 0.5143977 0.1965423 -0.8294517 0.5018278 0.2453136 -0.2690861 0.9580833 0.09833222 -0.8452613 0.4870263 -0.2198607 0.4861683 0.8737906 0.01141411 -0.2364912 0.9235334 -0.3019238 -0.8580483 0.5098849 0.0614047 0.9645572 0.2636853 0.009979724 -0.6670284 0.4206771 0.6149016 -0.2661262 0.9637002 0.02142435 -0.2793458 0.7766015 0.5646734 0.3165789 0.7300878 0.6055986 0.4946854 0.7888597 -0.3646736 0.4976133 0.8667108 0.03454756 0.7062997 0.2714354 0.6538071 0.9181556 0.2097246 -0.3361636 0.9572695 0.2707065 0.1017515 0.8264004 -0.4942593 -0.2697597 0.8620773 -0.4782672 0.1675812 -0.9964352 0.002594053 -0.0843231 -0.5738765 -0.593439 0.5643545 -0.715513 -0.03622579 0.6976595 -0.6949312 -0.689163 -0.2052443 -0.7152088 -0.5342017 -0.4506716 -0.9036735 0.1094723 -0.4139929 -0.8405239 -0.1243649 0.5273073 -0.007812798 -0.9484038 -0.3169688 -0.153451 -0.9344701 0.3212766 0.4773857 -0.7719292 0.4197955 -0.4777177 -0.7497358 0.4579107 -0.7979577 -0.2539511 0.5466007 0.001037597 -0.8608216 -0.508906 -0.3647652 -0.9189324 0.1500322 -0.9192032 -0.3122404 0.2399407 -0.5489855 -0.8358081 0.006317496 0.05002081 -0.9203955 0.3877759 0.2509897 -0.9632769 0.09540295 0.5169036 -0.8511498 -0.09140497 0.6498992 -0.6887497 0.3213331 0.7435719 -0.5014014 0.4423771 0.7788282 -0.2508401 0.5748965 0.5987193 -0.5564201 -0.5761353 0.6921475 0.3129145 0.6503971 0.7548055 0.5807534 0.3049497 0.8939626 0.1135306 0.4335224 0.8440985 0.01974588 -0.5358245 0.716099 -0.6500558 -0.2542237 0.8492894 -0.2164119 0.4815325 0.990417 0.05520963 -0.1265946 0.6267989 0.2939894 0.7215909 0.6893043 0.7221429 0.05804729 0.09940135 0.5774556 0.8103483 0.63712 0.6366622 -0.4344416 -0.02206528 0.9937012 0.1098687 -0.3758736 0.4078881 0.8320735 0.467832 0.820667 0.3280836 0.03381544 0.9476268 -0.3175847 -0.7049594 0.7060887 0.06686723 -0.5948544 0.7313373 -0.333608 -0.6231765 0.7107673 0.3262833 -0.07065153 0.9527124 0.2955462 -0.7372913 0.4850473 0.4702453 -0.8287283 0.5132476 0.2231285 -0.3169428 0.9478373 -0.03393739 -0.3099806 0.8705826 -0.3820968 0.3105945 0.9011116 -0.3025374 0.3912517 0.919411 0.04007124 -0.04071295 -0.06522005 0.99704 0.4364004 -0.292836 0.8507655 0.3033319 -0.4021841 0.8638505 0.5182768 -0.1447219 0.8428789 0.1358717 -0.4544317 0.8803583 -0.04275798 -0.4380792 0.8979189 -0.2030737 -0.351671 0.9138318 -0.3180148 -0.2059466 0.9254473 -0.3652262 -0.02554476 0.9305683 0.5403743 0.02182126 0.8411418 -0.3360134 0.1587289 0.9283858 0.5006398 0.1849779 0.8456614 -0.2364633 0.3146842 0.9192709 0.4037438 0.3231721 0.8558918 -0.0856049 0.417038 0.9048488 0.2605468 0.4173266 0.8706055 0.08911639 0.451625 0.8877462 -0.2277925 0.1734385 0.9581387 -0.1424031 0.2867901 0.9473505 -0.1984985 -0.01892203 0.9799186 0.04373359 0.3042737 0.9515803 -0.09012168 -0.1028479 0.9906061 0.1484452 0.2197685 0.9641919 -0.07547348 0.4411218 0.8942681 0.1760969 0.03289985 0.983823 0.3540214 0.1435922 0.9241484 -0.4108746 0.04782295 0.9104368 0.02331656 -0.2449463 0.9692563 0.09451884 -0.07953375 0.9923411 -0.08142429 -0.0997051 0.9916799 -0.2032566 0.009399831 0.9790804 0.1441741 -0.1453339 0.9788217 -0.1475279 0.2416478 0.9590839 -0.009186148 -0.3229815 0.9463607 -0.382527 0.1488113 0.9118817 -0.03399777 0.3537417 0.9347252 0.1889426 0.2970407 0.9359849 0.09170937 0.5118024 0.8541942 0.4577509 0.03701925 0.8883095 0.3029316 0.183114 0.9352549 0.2493991 -0.03012198 0.9679322</float_array>
          <technique_common>
            <accessor source="#SK_Checkpoint_md-mesh-normals-array" count="763" stride="3">
              <param name="X" type="float"/>
              <param name="Y" type="float"/>
              <param name="Z" type="float"/>
            </accessor>
          </technique_common>
        </source>
        <source id="SK_Checkpoint_md-mesh-map-0">
          <float_array id="SK_Checkpoint_md-mesh-map-0-array" count="8388">0.6835938 0.02001953 0.9833984 0.02001953 0.6918945 0.05126953 0.6918945 0.05126953 0.9833984 0.02001953 0.9833984 0.05126953 0.6918945 0.05126953 0.9833984 0.05126953 0.7001953 0.08251953 0.7001953 0.08251953 0.9833984 0.05126953 0.9833984 0.08251953 0.7001953 0.08251953 0.9833984 0.08251953 0.9833984 0.1142578 0.9833984 0.1142578 0.7075195 0.1142578 0.7001953 0.08251953 0.7075195 0.1142578 0.9833984 0.1142578 0.7119141 0.1469726 0.9833984 0.1142578 0.9833984 0.1469726 0.7119141 0.1469726 0.7119141 0.1469726 0.9833984 0.1469726 0.7133789 0.1796875 0.7133789 0.1796875 0.9833984 0.1469726 0.9833984 0.1796875 0.9833984 0.2128906 0.7133789 0.1796875 0.9833984 0.1796875 0.7133789 0.1796875 0.9833984 0.2128906 0.7109375 0.2128906 0.9833984 0.2456054 0.7109375 0.2128906 0.9833984 0.2128906 0.7109375 0.2128906 0.9833984 0.2456054 0.7060547 0.2456054 0.7060547 0.2456054 0.9833984 0.2456054 0.6982422 0.2783203 0.9833984 0.2456054 0.9833984 0.2783203 0.6982422 0.2783203 0.9833984 0.3105469 0.6982422 0.2783203 0.9833984 0.2783203 0.6982422 0.2783203 0.9833984 0.3105469 0.6894531 0.3105469 0.6894531 0.3105469 0.9833984 0.3105469 0.9833984 0.3427734 0.9833984 0.3427734 0.6811524 0.3427734 0.6894531 0.3105469 0.9833984 0.3745117 0.6811524 0.3427734 0.9833984 0.3427734 0.6811524 0.3427734 0.9833984 0.3745117 0.6738281 0.3745117 0.9833984 0.3745117 0.6699219 0.4057617 0.6738281 0.3745117 0.6699219 0.4057617 0.9833984 0.3745117 0.9833984 0.4057617 0.6699219 0.4057617 0.9833984 0.4057617 0.668457 0.4365234 0.668457 0.4365234 0.9833984 0.4057617 0.9833984 0.4365234 0.9833984 0.4667969 0.668457 0.4365234 0.9833984 0.4365234 0.668457 0.4365234 0.9833984 0.4667969 0.6699219 0.4667969 0.9833984 0.4970703 0.6699219 0.4667969 0.9833984 0.4667969 0.6699219 0.4667969 0.9833984 0.4970703 0.6757813 0.4970703 0.6757813 0.4970703 0.9833984 0.4970703 0.6855469 0.5266113 0.9833984 0.4970703 0.9833984 0.5266113 0.6855469 0.5266113 0.690918 0.9909058 0.2197265 0.9909058 0.2225341 0.9613648 0.690918 0.9909058 0.2225341 0.9613648 0.6884766 0.9614258 0.6884766 0.9614258 0.2225341 0.9613648 0.2286376 0.8981934 0.6884766 0.9614258 0.2286376 0.8981934 0.6831055 0.8984375 0.6831055 0.8984375 0.2286376 0.8981934 0.2310791 0.871582 0.6831055 0.8984375 0.2310791 0.871582 0.6806641 0.8718262 0.6806641 0.8718262 0.2310791 0.871582 0.2333984 0.84729 0.6806641 0.8718262 0.2333984 0.84729 0.6782227 0.8476563 0.6782227 0.8476563 0.2333984 0.84729 0.2429199 0.7485352 0.6782227 0.8476563 0.2429199 0.7485352 0.6679688 0.7272949 0.6679688 0.7272949 0.2429199 0.7485352 0.2449951 0.7268067 0.6679688 0.7272949 0.2449951 0.7268067 0.6660156 0.704834 0.6660156 0.704834 0.2449951 0.7268067 0.2471923 0.7028809 0.6660156 0.704834 0.2471923 0.7028809 0.6635742 0.6809082 0.6635742 0.6809082 0.2471923 0.7028809 0.2556152 0.6147461 0.6635742 0.6809082 0.2556152 0.6147461 0.6582031 0.6154785 0.2556152 0.6147461 0.6557617 0.590332 0.6582031 0.6154785 0.6557617 0.590332 0.2556152 0.6147461 0.2580567 0.5895996 0.2580567 0.5895996 0.6533203 0.5649414 0.6557617 0.590332 0.6533203 0.5649414 0.2580567 0.5895996 0.2604981 0.5639649 0.2604981 0.5639649 0.6459961 0.4770508 0.6533203 0.5649414 0.6459961 0.4770508 0.2604981 0.5639649 0.2687988 0.4760742 0.2687988 0.4760742 0.6445313 0.4619141 0.6459961 0.4770508 0.6445313 0.4619141 0.2687988 0.4760742 0.2702637 0.4609375 2.689453 0.9909058 2.21875 0.9909058 2.6875 0.9616699 2.220703 0.961731 2.6875 0.9616699 2.21875 0.9909058 2.220703 0.961731 2.681641 0.8986206 2.6875 0.9616699 2.681641 0.8986206 2.220703 0.961731 2.226562 0.8988648 2.226562 0.8988648 2.679687 0.8720703 2.681641 0.8986206 2.679687 0.8720703 2.226562 0.8988648 2.228516 0.8723145 2.228516 0.8723145 2.675781 0.8480225 2.679687 0.8720703 2.675781 0.8480225 2.228516 0.8723145 2.230469 0.8483887 2.230469 0.8483887 2.667969 0.7487793 2.675781 0.8480225 2.667969 0.7487793 2.230469 0.8483887 2.242187 0.7280274 2.242187 0.7280274 2.666016 0.7275391 2.667969 0.7487793 2.666016 0.7275391 2.242187 0.7280274 2.244141 0.7053223 2.244141 0.7053223 2.662109 0.7041016 2.666016 0.7275391 2.662109 0.7041016 2.244141 0.7053223 2.246094 0.6818848 2.246094 0.6818848 2.654297 0.6152344 2.662109 0.7041016 2.654297 0.6152344 2.246094 0.6818848 2.251953 0.6162109 2.654297 0.6152344 2.251953 0.6162109 2.253906 0.5910645 2.654297 0.6152344 2.253906 0.5910645 2.652344 0.590332 2.652344 0.590332 2.253906 0.5910645 2.255859 0.5654297 2.652344 0.590332 2.255859 0.5654297 2.650391 0.5644531 2.650391 0.5644531 2.255859 0.5654297 2.263672 0.4775391 2.650391 0.5644531 2.263672 0.4775391 2.640625 0.4765625 2.640625 0.4765625 2.263672 0.4775391 2.265625 0.4619141 2.640625 0.4765625 2.265625 0.4619141 2.640625 0.4609375 0.8618164 0.7949219 0.847168 0.8098145 0.8491211 0.8009033 0.847168 0.8098145 0.8618164 0.7949219 0.8798828 0.7957764 0.847168 0.8098145 0.8798828 0.7957764 0.859375 0.8164063 0.8920899 0.8022461 0.859375 0.8164063 0.8798828 0.7957764 0.859375 0.8164063 0.8920899 0.8022461 0.8774414 0.8173828 0.8774414 0.8173828 0.8920899 0.8022461 0.8901367 0.8111572 0.6274414 0.230957 0.6586914 0.2197265 0.6474609 0.2285156 0.609375 0.2255859 0.6586914 0.2197265 0.6274414 0.230957 0.609375 0.2255859 0.6538086 0.2094726 0.6586914 0.2197265 0.6538086 0.2094726 0.609375 0.2255859 0.6049805 0.215332 0.6538086 0.2094726 0.6049805 0.215332 0.6357422 0.2041015 0.6357422 0.2041015 0.6049805 0.215332 0.6157227 0.2065429 0.5527344 0.4262695 0.5849609 0.4379883 0.5639649 0.4355469 0.5849609 0.4379883 0.5527344 0.4262695 0.6030274 0.4321289 0.5581055 0.4160156 0.6030274 0.4321289 0.5527344 0.4262695 0.6030274 0.4321289 0.5581055 0.4160156 0.6083984 0.421875 0.5761719 0.4101563 0.6083984 0.421875 0.5581055 0.4160156 0.6083984 0.421875 0.5761719 0.4101563 0.597168 0.4125977 0.9375 0.9863052 0.9594727 0.9761047 0.953125 0.9838104 0.9594727 0.9761047 0.9375 0.9863052 0.921875 0.9832001 0.9165039 0.9753113 0.9594727 0.9761047 0.921875 0.9832001 0.9594727 0.9761047 0.9165039 0.9753113 0.9541016 0.9683228 0.9541016 0.9683228 0.9165039 0.9753113 0.9384766 0.96521 0.9384766 0.96521 0.9165039 0.9753113 0.9228516 0.9677124 0.8334961 0.9771118 0.8618164 0.9872055 0.8427734 0.985405 0.8618164 0.9872055 0.8334961 0.9771118 0.878418 0.982605 0.8334961 0.9771118 0.8818359 0.9732056 0.878418 0.982605 0.8818359 0.9732056 0.8334961 0.9771118 0.8374024 0.9677124 0.8540039 0.9631043 0.8818359 0.9732056 0.8374024 0.9677124 0.8818359 0.9732056 0.8540039 0.9631043 0.8725586 0.9649048 0.7700195 0.9615173 0.7412109 0.9720001 0.7504883 0.9634094 0.7871094 0.9663086 0.7412109 0.9720001 0.7700195 0.9615173 0.7910156 0.9760132 0.7412109 0.9720001 0.7871094 0.9663086 0.7910156 0.9760132 0.7446289 0.9817047 0.7412109 0.9720001 0.7446289 0.9817047 0.7910156 0.9760132 0.762207 0.9865036 0.762207 0.9865036 0.7910156 0.9760132 0.78125 0.9846039 0.8383789 0.9169312 0.831543 0.9326172 0.8276367 0.9240112 0.8554688 0.914917 0.831543 0.9326172 0.8383789 0.9169312 0.831543 0.9326172 0.8554688 0.914917 0.8696289 0.9202271 0.8696289 0.9202271 0.8457031 0.9378052 0.831543 0.9326172 0.8457031 0.9378052 0.8696289 0.9202271 0.862793 0.9358521 0.862793 0.9358521 0.8696289 0.9202271 0.8735352 0.928833 0.5791016 0.2573242 0.5791016 0.2744141 0.5415039 0.2573242 0.5415039 0.2573242 0.5791016 0.2744141 0.5415039 0.2744141 0.5415039 0.2744141 0.5107422 0.2573242 0.5415039 0.2573242 0.5791016 0.2919922 0.5415039 0.2744141 0.5791016 0.2744141 0.5415039 0.2744141 0.5107422 0.2744141 0.5107422 0.2573242 0.5791016 0.2919922 0.5415039 0.2919922 0.5415039 0.2744141 0.4772949 0.2744141 0.5107422 0.2573242 0.5107422 0.2744141 0.5107422 0.2573242 0.4772949 0.2744141 0.4772949 0.2573242 0.5415039 0.2744141 0.5107422 0.2919922 0.5107422 0.2744141 0.5107422 0.2919922 0.5415039 0.2744141 0.5415039 0.2919922 0.5107422 0.2919922 0.4772949 0.2744141 0.5107422 0.2744141 0.5791016 0.2919922 0.5415039 0.3120117 0.5415039 0.2919922 0.5415039 0.3120117 0.5107422 0.2919922 0.5415039 0.2919922 0.5415039 0.3120117 0.5791016 0.2919922 0.5791016 0.3120117 0.5415039 0.3291016 0.5791016 0.3120117 0.5791016 0.3291016 0.5791016 0.3120117 0.5415039 0.3291016 0.5415039 0.3120117 0.5107422 0.3120117 0.5415039 0.3120117 0.5415039 0.3291016 0.5415039 0.3120117 0.5107422 0.3120117 0.5107422 0.2919922 0.5415039 0.3291016 0.5107422 0.3291016 0.5107422 0.3120117 0.4772949 0.3291016 0.5107422 0.3120117 0.5107422 0.3291016 0.4772949 0.3120117 0.5107422 0.2919922 0.5107422 0.3120117 0.5107422 0.3120117 0.4772949 0.3291016 0.4772949 0.3120117 0.5107422 0.2919922 0.4772949 0.3120117 0.4772949 0.2919922 0.5107422 0.2919922 0.4772949 0.2919922 0.4772949 0.2744141 0.4345703 0.3120117 0.4772949 0.3120117 0.4772949 0.3291016 0.4345703 0.3120117 0.4772949 0.3291016 0.4345703 0.3291016 0.394043 0.3291016 0.4345703 0.3120117 0.4345703 0.3291016 0.4772949 0.3120117 0.4345703 0.2919922 0.4772949 0.2919922 0.4772949 0.3120117 0.4345703 0.3120117 0.4345703 0.2919922 0.4345703 0.2919922 0.4772949 0.2744141 0.4772949 0.2919922 0.4345703 0.3120117 0.394043 0.3291016 0.394043 0.3120117 0.394043 0.3120117 0.4345703 0.2919922 0.4345703 0.3120117 0.4772949 0.2744141 0.4345703 0.2919922 0.4345703 0.2744141 0.4345703 0.2744141 0.4772949 0.2573242 0.4772949 0.2744141 0.4772949 0.2573242 0.4345703 0.2744141 0.4345703 0.2573242 0.4345703 0.2744141 0.394043 0.2744141 0.4345703 0.2573242 0.4345703 0.2919922 0.394043 0.2744141 0.4345703 0.2744141 0.394043 0.2744141 0.394043 0.2573242 0.4345703 0.2573242 0.362793 0.2573242 0.394043 0.2573242 0.394043 0.2744141 0.4345703 0.2919922 0.394043 0.3120117 0.394043 0.2919922 0.4345703 0.2919922 0.394043 0.2919922 0.394043 0.2744141 0.362793 0.2573242 0.394043 0.2744141 0.362793 0.2744141 0.362793 0.2744141 0.3295899 0.2573242 0.362793 0.2573242 0.362793 0.2919922 0.394043 0.2744141 0.394043 0.2919922 0.394043 0.2744141 0.362793 0.2919922 0.362793 0.2744141 0.394043 0.3120117 0.362793 0.2919922 0.394043 0.2919922 0.362793 0.2744141 0.3295899 0.2744141 0.3295899 0.2573242 0.362793 0.2919922 0.3295899 0.2744141 0.362793 0.2744141 0.3295899 0.2744141 0.2895508 0.2573242 0.3295899 0.2573242 0.3295899 0.2744141 0.2895508 0.2744141 0.2895508 0.2573242 0.3295899 0.2744141 0.2895508 0.2919922 0.2895508 0.2744141 0.2895508 0.2919922 0.3295899 0.2744141 0.3295899 0.2919922 0.362793 0.2919922 0.3295899 0.2919922 0.3295899 0.2744141 0.2895508 0.2919922 0.3295899 0.2919922 0.3295899 0.3120117 0.362793 0.2919922 0.3295899 0.3120117 0.3295899 0.2919922 0.3295899 0.3120117 0.2895508 0.3120117 0.2895508 0.2919922 0.394043 0.3120117 0.362793 0.3120117 0.362793 0.2919922 0.3295899 0.3120117 0.362793 0.2919922 0.362793 0.3120117 0.362793 0.3120117 0.394043 0.3120117 0.394043 0.3291016 0.362793 0.3120117 0.394043 0.3291016 0.362793 0.3291016 0.3295899 0.3291016 0.362793 0.3120117 0.362793 0.3291016 0.362793 0.3120117 0.3295899 0.3291016 0.3295899 0.3120117 0.2895508 0.3120117 0.3295899 0.3120117 0.3295899 0.3291016 0.3295899 0.3291016 0.2895508 0.3291016 0.2895508 0.3120117 0.9414063 0.6977539 0.918457 0.6977539 0.9414063 0.6928711 0.9414063 0.6928711 0.918457 0.6977539 0.918457 0.6928711 0.9414063 0.6850586 0.9414063 0.6928711 0.918457 0.6928711 0.918457 0.6977539 0.8950195 0.6928711 0.918457 0.6928711 0.8950195 0.6928711 0.918457 0.6977539 0.8950195 0.6977539 0.9414063 0.6850586 0.918457 0.6928711 0.918457 0.6850586 0.8950195 0.6977539 0.871582 0.6928711 0.8950195 0.6928711 0.871582 0.6928711 0.8950195 0.6977539 0.871582 0.6977539 0.8950195 0.6850586 0.918457 0.6928711 0.8950195 0.6928711 0.918457 0.6928711 0.8950195 0.6850586 0.918457 0.6850586 0.871582 0.6850586 0.8950195 0.6928711 0.871582 0.6928711 0.8950195 0.6928711 0.871582 0.6850586 0.8950195 0.6850586 0.871582 0.6977539 0.8476563 0.6928711 0.871582 0.6928711 0.871582 0.6850586 0.871582 0.6928711 0.8476563 0.6928711 0.8476563 0.6928711 0.871582 0.6977539 0.8476563 0.6977539 0.8476563 0.6928711 0.8476563 0.6977539 0.8242188 0.6977539 0.918457 0.6743164 0.9414063 0.6850586 0.918457 0.6850586 0.8950195 0.6850586 0.918457 0.6743164 0.918457 0.6850586 0.9414063 0.6850586 0.918457 0.6743164 0.9414063 0.6743164 0.918457 0.6743164 0.9414063 0.5830078 0.9414063 0.6743164 0.8950195 0.6743164 0.918457 0.6743164 0.8950195 0.6850586 0.871582 0.6850586 0.8950195 0.6743164 0.8950195 0.6850586 0.9414063 0.5830078 0.918457 0.6743164 0.918457 0.5830078 0.8950195 0.6743164 0.918457 0.5830078 0.918457 0.6743164 0.918457 0.5830078 0.9414063 0.5666504 0.9414063 0.5830078 0.871582 0.6743164 0.8950195 0.6743164 0.871582 0.6850586 0.9414063 0.5666504 0.918457 0.5830078 0.918457 0.5666504 0.918457 0.5666504 0.9414063 0.5600586 0.9414063 0.5666504 0.918457 0.5830078 0.8950195 0.6743164 0.8950195 0.5830078 0.871582 0.6743164 0.8950195 0.5830078 0.8950195 0.6743164 0.918457 0.5666504 0.918457 0.5830078 0.8950195 0.5666504 0.8950195 0.5830078 0.8950195 0.5666504 0.918457 0.5830078 0.9414063 0.5600586 0.918457 0.5666504 0.918457 0.5600586 0.918457 0.5600586 0.9414063 0.5537109 0.9414063 0.5600586 0.9414063 0.5537109 0.918457 0.5600586 0.918457 0.5537109 0.8950195 0.5600586 0.918457 0.5600586 0.918457 0.5666504 0.8950195 0.5600586 0.918457 0.5537109 0.918457 0.5600586 0.918457 0.5666504 0.8950195 0.5666504 0.8950195 0.5600586 0.918457 0.5537109 0.8950195 0.5600586 0.8950195 0.5537109 0.871582 0.5600586 0.8950195 0.5537109 0.8950195 0.5600586 0.871582 0.5600586 0.8950195 0.5600586 0.8950195 0.5666504 0.8950195 0.5537109 0.871582 0.5600586 0.871582 0.5537109 0.8950195 0.5666504 0.871582 0.5666504 0.871582 0.5600586 0.8950195 0.5666504 0.8950195 0.5830078 0.871582 0.5666504 0.8476563 0.5600586 0.871582 0.5537109 0.871582 0.5600586 0.871582 0.5666504 0.8476563 0.5600586 0.871582 0.5600586 0.871582 0.5537109 0.8476563 0.5600586 0.8476563 0.5537109 0.8242188 0.5537109 0.8476563 0.5537109 0.8476563 0.5600586 0.871582 0.5830078 0.871582 0.5666504 0.8950195 0.5830078 0.8950195 0.5830078 0.871582 0.6743164 0.871582 0.5830078 0.871582 0.5830078 0.8476563 0.5666504 0.871582 0.5666504 0.8476563 0.5600586 0.871582 0.5666504 0.8476563 0.5666504 0.871582 0.6743164 0.8476563 0.5830078 0.871582 0.5830078 0.8476563 0.5666504 0.871582 0.5830078 0.8476563 0.5830078 0.8476563 0.5600586 0.8242188 0.5600586 0.8242188 0.5537109 0.8242188 0.5600586 0.8007813 0.5537109 0.8242188 0.5537109 0.8242188 0.5666504 0.8476563 0.5600586 0.8476563 0.5666504 0.8476563 0.5600586 0.8242188 0.5666504 0.8242188 0.5600586 0.8242188 0.5830078 0.8476563 0.5666504 0.8476563 0.5830078 0.8476563 0.5666504 0.8242188 0.5830078 0.8242188 0.5666504 0.8476563 0.5830078 0.871582 0.6743164 0.8476563 0.6743164 0.8476563 0.6743164 0.8242188 0.5830078 0.8476563 0.5830078 0.871582 0.6743164 0.8476563 0.6850586 0.8476563 0.6743164 0.871582 0.6743164 0.871582 0.6850586 0.8476563 0.6850586 0.871582 0.6850586 0.8476563 0.6928711 0.8476563 0.6850586 0.8242188 0.5830078 0.8476563 0.6743164 0.8242188 0.6743164 0.8476563 0.6850586 0.8242188 0.6743164 0.8476563 0.6743164 0.8007813 0.5830078 0.8242188 0.5666504 0.8242188 0.5830078 0.8242188 0.6743164 0.8007813 0.5830078 0.8242188 0.5830078 0.8476563 0.6928711 0.8242188 0.6850586 0.8476563 0.6850586 0.8242188 0.6743164 0.8476563 0.6850586 0.8242188 0.6850586 0.8242188 0.6850586 0.8476563 0.6928711 0.8242188 0.6928711 0.8476563 0.6928711 0.8242188 0.6977539 0.8242188 0.6928711 0.8242188 0.6850586 0.8007813 0.6743164 0.8242188 0.6743164 0.8007813 0.5830078 0.8242188 0.6743164 0.8007813 0.6743164 0.8242188 0.6977539 0.8007813 0.6928711 0.8242188 0.6928711 0.8242188 0.6850586 0.8242188 0.6928711 0.8007813 0.6928711 0.8007813 0.6928711 0.8242188 0.6977539 0.8007813 0.6977539 0.7773438 0.6977539 0.8007813 0.6928711 0.8007813 0.6977539 0.8242188 0.6850586 0.8007813 0.6928711 0.8007813 0.6850586 0.8007813 0.6743164 0.8242188 0.6850586 0.8007813 0.6850586 0.7773438 0.6928711 0.8007813 0.6928711 0.7773438 0.6977539 0.8007813 0.6850586 0.8007813 0.6928711 0.7773438 0.6928711 0.7539063 0.6928711 0.7773438 0.6977539 0.7539063 0.6977539 0.7773438 0.6977539 0.7539063 0.6928711 0.7773438 0.6928711 0.7539063 0.6850586 0.7773438 0.6928711 0.7539063 0.6928711 0.8007813 0.6850586 0.7773438 0.6928711 0.7773438 0.6850586 0.7773438 0.6928711 0.7539063 0.6850586 0.7773438 0.6850586 0.7773438 0.6743164 0.8007813 0.6850586 0.7773438 0.6850586 0.7773438 0.6743164 0.7773438 0.6850586 0.7539063 0.6850586 0.8007813 0.6850586 0.7773438 0.6743164 0.8007813 0.6743164 0.7773438 0.6743164 0.7539063 0.6850586 0.7539063 0.6743164 0.7773438 0.5830078 0.8007813 0.6743164 0.7773438 0.6743164 0.7539063 0.6743164 0.7773438 0.5830078 0.7773438 0.6743164 0.8007813 0.6743164 0.7773438 0.5830078 0.8007813 0.5830078 0.7773438 0.5830078 0.7539063 0.6743164 0.7539063 0.5830078 0.7539063 0.5666504 0.7773438 0.5830078 0.7539063 0.5830078 0.7773438 0.5830078 0.8007813 0.5666504 0.8007813 0.5830078 0.8242188 0.5666504 0.8007813 0.5830078 0.8007813 0.5666504 0.8007813 0.5666504 0.8242188 0.5600586 0.8242188 0.5666504 0.7773438 0.5830078 0.7539063 0.5666504 0.7773438 0.5666504 0.8007813 0.5666504 0.7773438 0.5830078 0.7773438 0.5666504 0.7539063 0.5600586 0.7773438 0.5666504 0.7539063 0.5666504 0.8242188 0.5600586 0.8007813 0.5666504 0.8007813 0.5600586 0.7773438 0.5666504 0.8007813 0.5600586 0.8007813 0.5666504 0.8242188 0.5600586 0.8007813 0.5600586 0.8007813 0.5537109 0.8007813 0.5600586 0.7773438 0.5537109 0.8007813 0.5537109 0.7773438 0.5666504 0.7539063 0.5600586 0.7773438 0.5600586 0.8007813 0.5600586 0.7773438 0.5666504 0.7773438 0.5600586 0.8007813 0.5600586 0.7773438 0.5600586 0.7773438 0.5537109 0.7539063 0.5537109 0.7773438 0.5600586 0.7539063 0.5600586 0.7539063 0.5537109 0.7773438 0.5537109 0.7773438 0.5600586 0.0520935 0.002929687 0.03189086 0.009277343 0.03189086 0.002929687 0.0520935 0.009277343 0.03189086 0.009277343 0.0520935 0.002929687 0.07238769 0.002929687 0.0520935 0.009277343 0.0520935 0.002929687 0.0520935 0.01416015 0.03189086 0.009277343 0.0520935 0.009277343 0.03189086 0.009277343 0.0520935 0.01416015 0.03189086 0.01416015 0.07238769 0.009277343 0.0520935 0.009277343 0.07238769 0.002929687 0.07238769 0.009277343 0.0520935 0.01416015 0.0520935 0.009277343 0.09277343 0.002929687 0.07238769 0.009277343 0.07238769 0.002929687 0.0520935 0.02929687 0.03189086 0.01416015 0.0520935 0.01416015 0.03189086 0.01416015 0.0520935 0.02929687 0.03189086 0.02929687 0.09277343 0.009277343 0.07238769 0.009277343 0.09277343 0.002929687 0.09277343 0.002929687 0.1131591 0.002929687 0.09277343 0.009277343 0.0520935 0.1064453 0.03189086 0.02929687 0.0520935 0.02929687 0.03189086 0.02929687 0.0520935 0.1064453 0.03189086 0.1064453 0.0520935 0.1064453 0.03189086 0.1191406 0.03189086 0.1064453 0.0520935 0.01416015 0.07238769 0.02929687 0.0520935 0.02929687 0.07238769 0.02929687 0.0520935 0.1064453 0.0520935 0.02929687 0.0520935 0.01416015 0.07238769 0.009277343 0.07238769 0.01416015 0.07238769 0.02929687 0.0520935 0.01416015 0.07238769 0.01416015 0.07238769 0.009277343 0.09277343 0.01416015 0.07238769 0.01416015 0.09277343 0.01416015 0.07238769 0.009277343 0.09277343 0.009277343 0.07238769 0.01416015 0.09277343 0.02929687 0.07238769 0.02929687 0.09277343 0.02929687 0.07238769 0.01416015 0.09277343 0.01416015 0.0520935 0.1064453 0.07238769 0.02929687 0.07238769 0.1064453 0.1131591 0.01416015 0.09277343 0.02929687 0.09277343 0.01416015 0.09277343 0.009277343 0.1131591 0.01416015 0.09277343 0.01416015 0.09277343 0.1064453 0.07238769 0.02929687 0.09277343 0.02929687 0.07238769 0.02929687 0.09277343 0.1064453 0.07238769 0.1064453 0.1131591 0.01416015 0.09277343 0.009277343 0.1131591 0.009277343 0.09277343 0.009277343 0.1131591 0.002929687 0.1131591 0.009277343 0.1131591 0.002929687 0.1336669 0.009277343 0.1131591 0.009277343 0.1336669 0.009277343 0.1131591 0.01416015 0.1131591 0.009277343 0.1336669 0.009277343 0.1131591 0.002929687 0.1336669 0.002929687 0.09277343 0.02929687 0.1131591 0.01416015 0.1131591 0.02929687 0.1131591 0.02929687 0.09277343 0.1064453 0.09277343 0.02929687 0.1131591 0.01416015 0.1336669 0.009277343 0.1336669 0.01416015 0.1336669 0.01416015 0.1131591 0.02929687 0.1131591 0.01416015 0.1336669 0.002929687 0.1539306 0.009277343 0.1336669 0.009277343 0.1539306 0.009277343 0.1336669 0.002929687 0.1539306 0.002929687 0.1743164 0.002929687 0.1539306 0.009277343 0.1539306 0.002929687 0.1336669 0.009277343 0.1539306 0.01416015 0.1336669 0.01416015 0.1539306 0.01416015 0.1336669 0.009277343 0.1539306 0.009277343 0.1743164 0.009277343 0.1539306 0.009277343 0.1743164 0.002929687 0.1743164 0.009277343 0.1539306 0.01416015 0.1539306 0.009277343 0.19458 0.009277343 0.1743164 0.002929687 0.19458 0.002929687 0.1743164 0.002929687 0.19458 0.009277343 0.1743164 0.009277343 0.19458 0.009277343 0.1743164 0.01416015 0.1743164 0.009277343 0.1539306 0.01416015 0.1743164 0.009277343 0.1743164 0.01416015 0.1743164 0.01416015 0.19458 0.009277343 0.19458 0.01416015 0.1539306 0.01416015 0.1336669 0.02929687 0.1336669 0.01416015 0.1131591 0.02929687 0.1336669 0.01416015 0.1336669 0.02929687 0.1743164 0.01416015 0.1539306 0.02929687 0.1539306 0.01416015 0.1336669 0.02929687 0.1539306 0.01416015 0.1539306 0.02929687 0.19458 0.01416015 0.1743164 0.02929687 0.1743164 0.01416015 0.1539306 0.02929687 0.1743164 0.01416015 0.1743164 0.02929687 0.1743164 0.02929687 0.19458 0.01416015 0.19458 0.02929687 0.1743164 0.02929687 0.1539306 0.1064453 0.1539306 0.02929687 0.1539306 0.1064453 0.1336669 0.02929687 0.1539306 0.02929687 0.19458 0.02929687 0.1743164 0.1064453 0.1743164 0.02929687 0.1539306 0.1064453 0.1743164 0.02929687 0.1743164 0.1064453 0.1743164 0.1064453 0.19458 0.02929687 0.19458 0.1064453 0.19458 0.1191406 0.1743164 0.1064453 0.19458 0.1064453 0.1336669 0.02929687 0.1131591 0.1064453 0.1131591 0.02929687 0.09277343 0.1064453 0.1131591 0.02929687 0.1131591 0.1064453 0.1743164 0.1064453 0.19458 0.1191406 0.1743164 0.1191406 0.1743164 0.1264648 0.19458 0.1191406 0.19458 0.1264648 0.19458 0.1191406 0.1743164 0.1264648 0.1743164 0.1191406 0.1539306 0.1191406 0.1743164 0.1064453 0.1743164 0.1191406 0.1743164 0.1264648 0.1539306 0.1191406 0.1743164 0.1191406 0.1743164 0.1064453 0.1539306 0.1191406 0.1539306 0.1064453 0.1539306 0.1191406 0.1743164 0.1264648 0.1539306 0.1264648 0.1336669 0.02929687 0.1539306 0.1064453 0.1336669 0.1064453 0.1539306 0.1191406 0.1336669 0.1064453 0.1539306 0.1064453 0.1131591 0.1064453 0.1336669 0.02929687 0.1336669 0.1064453 0.1539306 0.1264648 0.1336669 0.1191406 0.1539306 0.1191406 0.1336669 0.1064453 0.1539306 0.1191406 0.1336669 0.1191406 0.1336669 0.1191406 0.1539306 0.1264648 0.1336669 0.1264648 0.1131591 0.1264648 0.1336669 0.1191406 0.1336669 0.1264648 0.1336669 0.1064453 0.1131591 0.1191406 0.1131591 0.1064453 0.1131591 0.1191406 0.1336669 0.1064453 0.1336669 0.1191406 0.1336669 0.1191406 0.1131591 0.1264648 0.1131591 0.1191406 0.1131591 0.1191406 0.09277343 0.1064453 0.1131591 0.1064453 0.09277343 0.1264648 0.1131591 0.1191406 0.1131591 0.1264648 0.09277343 0.1191406 0.1131591 0.1191406 0.09277343 0.1264648 0.09277343 0.1064453 0.1131591 0.1191406 0.09277343 0.1191406 0.07238769 0.1264648 0.09277343 0.1191406 0.09277343 0.1264648 0.07238769 0.1191406 0.09277343 0.1064453 0.09277343 0.1191406 0.07238769 0.1191406 0.09277343 0.1191406 0.07238769 0.1264648 0.09277343 0.1064453 0.07238769 0.1191406 0.07238769 0.1064453 0.0520935 0.1264648 0.07238769 0.1191406 0.07238769 0.1264648 0.0520935 0.1191406 0.07238769 0.1064453 0.07238769 0.1191406 0.07238769 0.1191406 0.0520935 0.1264648 0.0520935 0.1191406 0.07238769 0.1064453 0.0520935 0.1191406 0.0520935 0.1064453 0.03189086 0.1191406 0.0520935 0.1064453 0.0520935 0.1191406 0.0520935 0.1264648 0.03189086 0.1191406 0.0520935 0.1191406 0.03189086 0.1191406 0.0520935 0.1264648 0.03189086 0.1264648 0.0520935 0.1264648 0.03189086 0.1328125 0.03189086 0.1264648 0.0520935 0.1328125 0.03189086 0.1328125 0.0520935 0.1264648 0.07238769 0.1264648 0.0520935 0.1328125 0.0520935 0.1264648 0.0520935 0.1508789 0.03189086 0.1328125 0.0520935 0.1328125 0.03189086 0.1328125 0.0520935 0.1508789 0.03189086 0.1508789 0.0520935 0.1508789 0.03189086 0.1987304 0.03189086 0.1508789 0.0520935 0.1328125 0.07238769 0.1264648 0.07238769 0.1328125 0.07238769 0.1328125 0.0520935 0.1508789 0.0520935 0.1328125 0.09277343 0.1264648 0.07238769 0.1328125 0.07238769 0.1264648 0.03189086 0.1987304 0.0520935 0.1508789 0.0520935 0.1987304 0.0520935 0.1987304 0.03189086 0.2138671 0.03189086 0.1987304 0.0520935 0.1508789 0.07238769 0.1328125 0.07238769 0.1508789 0.07238769 0.1508789 0.0520935 0.1987304 0.0520935 0.1508789 0.09277343 0.1328125 0.07238769 0.1328125 0.09277343 0.1264648 0.07238769 0.1328125 0.09277343 0.1508789 0.07238769 0.1508789 0.09277343 0.1508789 0.07238769 0.1328125 0.09277343 0.1328125 0.0520935 0.1987304 0.07238769 0.1508789 0.07238769 0.1987304 0.09277343 0.1508789 0.07238769 0.1987304 0.07238769 0.1508789 0.09277343 0.1264648 0.1131591 0.1328125 0.09277343 0.1328125 0.1131591 0.1328125 0.09277343 0.1508789 0.09277343 0.1328125 0.1131591 0.1328125 0.09277343 0.1264648 0.1131591 0.1264648 0.1336669 0.1264648 0.1131591 0.1328125 0.1131591 0.1264648 0.07238769 0.1987304 0.0520935 0.2138671 0.0520935 0.1987304 0.03189086 0.2138671 0.0520935 0.1987304 0.0520935 0.2138671 0.03189086 0.2197265 0.03189086 0.2138671 0.0520935 0.2197265 0.0520935 0.2197265 0.03189086 0.2138671 0.0520935 0.2138671 0.07238769 0.2138671 0.0520935 0.2197265 0.0520935 0.2138671 0.0520935 0.2138671 0.07238769 0.1987304 0.07238769 0.2138671 0.0520935 0.2197265 0.07238769 0.2138671 0.07238769 0.2197265 0.09277343 0.2197265 0.07238769 0.2197265 0.07238769 0.2138671 0.09277343 0.1987304 0.07238769 0.2138671 0.07238769 0.1987304 0.07238769 0.1987304 0.09277343 0.1508789 0.09277343 0.1987304 0.09277343 0.2197265 0.07238769 0.2138671 0.09277343 0.2138671 0.07238769 0.2138671 0.09277343 0.1987304 0.09277343 0.2138671 0.1131591 0.2138671 0.09277343 0.2197265 0.09277343 0.2138671 0.09277343 0.2138671 0.09277343 0.1987304 0.1131591 0.2138671 0.09277343 0.2197265 0.1131591 0.2138671 0.1131591 0.2197265 0.1336669 0.2197265 0.1131591 0.2197265 0.1131591 0.2138671 0.1131591 0.1508789 0.09277343 0.1987304 0.09277343 0.1508789 0.09277343 0.1508789 0.1131591 0.1328125 0.1131591 0.1508789 0.1131591 0.2138671 0.09277343 0.1987304 0.1131591 0.1987304 0.09277343 0.1987304 0.1131591 0.1508789 0.1131591 0.1987304 0.1336669 0.2197265 0.1131591 0.2138671 0.1336669 0.2138671 0.1336669 0.2138671 0.1539306 0.2197265 0.1336669 0.2197265 0.1336669 0.1987304 0.1131591 0.2138671 0.1131591 0.1987304 0.1131591 0.2138671 0.1336669 0.1987304 0.1336669 0.2138671 0.1131591 0.1508789 0.1336669 0.1987304 0.1131591 0.1987304 0.1539306 0.2197265 0.1336669 0.2138671 0.1539306 0.2138671 0.1336669 0.2138671 0.1336669 0.1987304 0.1539306 0.2138671 0.1539306 0.2138671 0.1743164 0.2197265 0.1539306 0.2197265 0.1336669 0.1987304 0.1131591 0.1508789 0.1336669 0.1508789 0.1131591 0.1328125 0.1336669 0.1508789 0.1131591 0.1508789 0.1539306 0.2138671 0.1336669 0.1987304 0.1539306 0.1987304 0.1336669 0.1508789 0.1539306 0.1987304 0.1336669 0.1987304 0.1336669 0.1508789 0.1131591 0.1328125 0.1336669 0.1328125 0.1336669 0.1328125 0.1131591 0.1328125 0.1336669 0.1264648 0.1539306 0.1987304 0.1336669 0.1508789 0.1539306 0.1508789 0.1336669 0.1328125 0.1539306 0.1508789 0.1336669 0.1508789 0.1336669 0.1264648 0.1539306 0.1328125 0.1336669 0.1328125 0.1539306 0.1508789 0.1336669 0.1328125 0.1539306 0.1328125 0.1539306 0.1328125 0.1336669 0.1264648 0.1539306 0.1264648 0.1539306 0.1508789 0.1743164 0.1987304 0.1539306 0.1987304 0.1743164 0.1987304 0.1539306 0.2138671 0.1539306 0.1987304 0.1539306 0.1328125 0.1743164 0.1508789 0.1539306 0.1508789 0.1743164 0.1987304 0.1539306 0.1508789 0.1743164 0.1508789 0.1539306 0.1264648 0.1743164 0.1328125 0.1539306 0.1328125 0.1743164 0.1508789 0.1539306 0.1328125 0.1743164 0.1328125 0.1743164 0.1328125 0.1539306 0.1264648 0.1743164 0.1264648 0.1743164 0.1264648 0.19458 0.1328125 0.1743164 0.1328125 0.19458 0.1328125 0.1743164 0.1264648 0.19458 0.1264648 0.19458 0.1328125 0.1743164 0.1508789 0.1743164 0.1328125 0.1743164 0.1508789 0.19458 0.1328125 0.19458 0.1508789 0.19458 0.1987304 0.1743164 0.1508789 0.19458 0.1508789 0.1743164 0.1508789 0.19458 0.1987304 0.1743164 0.1987304 0.19458 0.2138671 0.1743164 0.1987304 0.19458 0.1987304 0.1743164 0.2197265 0.19458 0.2138671 0.19458 0.2197265 0.1743164 0.1987304 0.19458 0.2138671 0.1743164 0.2138671 0.19458 0.2138671 0.1743164 0.2197265 0.1743164 0.2138671 0.1539306 0.2138671 0.1743164 0.1987304 0.1743164 0.2138671 0.1743164 0.2197265 0.1539306 0.2138671 0.1743164 0.2138671 0.1724853 0.8788452 0.1929931 0.8741455 0.1929931 0.8788452 0.1724853 0.8741455 0.1929931 0.8741455 0.1724853 0.8788452 0.1519775 0.8788452 0.1724853 0.8741455 0.1724853 0.8788452 0.1724853 0.8669434 0.1929931 0.8741455 0.1724853 0.8741455 0.1929931 0.8741455 0.1724853 0.8669434 0.1929931 0.8669434 0.1519775 0.8741455 0.1724853 0.8741455 0.1519775 0.8788452 0.1724853 0.8741455 0.1519775 0.8741455 0.1724853 0.8669434 0.1519775 0.8788452 0.1312255 0.8741455 0.1519775 0.8741455 0.1312255 0.8741455 0.1519775 0.8788452 0.1312255 0.8788452 0.1519775 0.8669434 0.1724853 0.8669434 0.1519775 0.8741455 0.1312255 0.8788452 0.1106567 0.8741455 0.1312255 0.8741455 0.1106567 0.8741455 0.1312255 0.8788452 0.1106567 0.8788452 0.1312255 0.8669434 0.1519775 0.8741455 0.1312255 0.8741455 0.1312255 0.8741455 0.1106567 0.8741455 0.1312255 0.8669434 0.1519775 0.8741455 0.1312255 0.8669434 0.1519775 0.8669434 0.1106567 0.8788452 0.08996582 0.8741455 0.1106567 0.8741455 0.08996582 0.8741455 0.1106567 0.8788452 0.08996582 0.8788452 0.1724853 0.8669434 0.1519775 0.8669434 0.1724853 0.8560791 0.1724853 0.8560791 0.1929931 0.8669434 0.1724853 0.8669434 0.1929931 0.8669434 0.1724853 0.8560791 0.1929931 0.8560791 0.1929931 0.7685547 0.1929931 0.8560791 0.1724853 0.8560791 0.1519775 0.8669434 0.1519775 0.8560791 0.1724853 0.8560791 0.1519775 0.8669434 0.1312255 0.8669434 0.1519775 0.8560791 0.1724853 0.8560791 0.1724853 0.7685547 0.1929931 0.7685547 0.1724853 0.7685547 0.1724853 0.8560791 0.1519775 0.8560791 0.1929931 0.7573242 0.1929931 0.7685547 0.1724853 0.7685547 0.1312255 0.8669434 0.1312255 0.8560791 0.1519775 0.8560791 0.1724853 0.7685547 0.1724853 0.7573242 0.1929931 0.7573242 0.1519775 0.8560791 0.1519775 0.7685547 0.1724853 0.7685547 0.1519775 0.7685547 0.1519775 0.8560791 0.1312255 0.8560791 0.1724853 0.7685547 0.1519775 0.7573242 0.1724853 0.7573242 0.1519775 0.7573242 0.1724853 0.7685547 0.1519775 0.7685547 0.1724853 0.7541504 0.1929931 0.7573242 0.1724853 0.7573242 0.1724853 0.7573242 0.1519775 0.7573242 0.1724853 0.7541504 0.1929931 0.7573242 0.1724853 0.7541504 0.1929931 0.7541504 0.1929931 0.7541504 0.1724853 0.748291 0.1929931 0.748291 0.1724853 0.748291 0.1929931 0.7541504 0.1724853 0.7541504 0.1724853 0.7541504 0.1519775 0.7541504 0.1724853 0.748291 0.1519775 0.7541504 0.1724853 0.7541504 0.1519775 0.7573242 0.1519775 0.748291 0.1724853 0.748291 0.1519775 0.7541504 0.1519775 0.7541504 0.1312255 0.748291 0.1519775 0.748291 0.1312255 0.748291 0.1519775 0.7541504 0.1312255 0.7541504 0.1312255 0.7541504 0.1106567 0.748291 0.1312255 0.748291 0.1519775 0.7573242 0.1312255 0.7573242 0.1519775 0.7541504 0.1312255 0.7541504 0.1519775 0.7541504 0.1312255 0.7573242 0.1106567 0.748291 0.1312255 0.7541504 0.1106567 0.7541504 0.1106567 0.7541504 0.08996582 0.748291 0.1106567 0.748291 0.1312255 0.7573242 0.1106567 0.7573242 0.1312255 0.7541504 0.1106567 0.7541504 0.1312255 0.7541504 0.1106567 0.7573242 0.1312255 0.7685547 0.1312255 0.7573242 0.1519775 0.7573242 0.1312255 0.7685547 0.1106567 0.7573242 0.1312255 0.7573242 0.1519775 0.7685547 0.1312255 0.7685547 0.1519775 0.7573242 0.1312255 0.8560791 0.1312255 0.7685547 0.1519775 0.7685547 0.08996582 0.748291 0.1106567 0.7541504 0.08996582 0.7541504 0.1312255 0.7685547 0.1312255 0.8560791 0.1106567 0.8560791 0.08996582 0.7541504 0.1106567 0.7541504 0.08996582 0.7573242 0.1106567 0.7573242 0.08996582 0.7573242 0.1106567 0.7541504 0.06939697 0.7541504 0.08996582 0.748291 0.08996582 0.7541504 0.08996582 0.7573242 0.06939697 0.7541504 0.08996582 0.7541504 0.08996582 0.748291 0.06939697 0.7541504 0.06939697 0.748291 0.06939697 0.7541504 0.0487976 0.748291 0.06939697 0.748291 0.1106567 0.7573242 0.1312255 0.7685547 0.1106567 0.7685547 0.1106567 0.8560791 0.1106567 0.7685547 0.1312255 0.7685547 0.1106567 0.7685547 0.08996582 0.7685547 0.1106567 0.7573242 0.1106567 0.8560791 0.08996582 0.7685547 0.1106567 0.7685547 0.08996582 0.7685547 0.08996582 0.7573242 0.1106567 0.7573242 0.1106567 0.8669434 0.1106567 0.8560791 0.1312255 0.8560791 0.1312255 0.8669434 0.1106567 0.8669434 0.1312255 0.8560791 0.1106567 0.8741455 0.1106567 0.8669434 0.1312255 0.8669434 0.1106567 0.8669434 0.08996582 0.8560791 0.1106567 0.8560791 0.08996582 0.7685547 0.1106567 0.8560791 0.08996582 0.8560791 0.1106567 0.8741455 0.08996582 0.8669434 0.1106567 0.8669434 0.08996582 0.8560791 0.1106567 0.8669434 0.08996582 0.8669434 0.08996582 0.8669434 0.1106567 0.8741455 0.08996582 0.8741455 0.08996582 0.8560791 0.06939697 0.7685547 0.08996582 0.7685547 0.08996582 0.8741455 0.06939697 0.8741455 0.08996582 0.8669434 0.08996582 0.8788452 0.06939697 0.8741455 0.08996582 0.8741455 0.06939697 0.8741455 0.08996582 0.8788452 0.06939697 0.8788452 0.06939697 0.8788452 0.0487976 0.8788452 0.06939697 0.8741455 0.08996582 0.8669434 0.06939697 0.8560791 0.08996582 0.8560791 0.06939697 0.7685547 0.08996582 0.8560791 0.06939697 0.8560791 0.06939697 0.8741455 0.06939697 0.8669434 0.08996582 0.8669434 0.06939697 0.8560791 0.08996582 0.8669434 0.06939697 0.8669434 0.0487976 0.8788452 0.0487976 0.8741455 0.06939697 0.8741455 0.0283966 0.8741455 0.0487976 0.8788452 0.0283966 0.8788452 0.0487976 0.8788452 0.0283966 0.8741455 0.0487976 0.8741455 0.0487976 0.8669434 0.06939697 0.8741455 0.0487976 0.8741455 0.0487976 0.8741455 0.0283966 0.8741455 0.0487976 0.8669434 0.06939697 0.8741455 0.0487976 0.8669434 0.06939697 0.8669434 0.0283966 0.8741455 0.0283966 0.8669434 0.0487976 0.8669434 0.0487976 0.8560791 0.06939697 0.8669434 0.0487976 0.8669434 0.0487976 0.8669434 0.0283966 0.8669434 0.0487976 0.8560791 0.06939697 0.8669434 0.0487976 0.8560791 0.06939697 0.8560791 0.0283966 0.8669434 0.0283966 0.8560791 0.0487976 0.8560791 0.0283966 0.7685547 0.0487976 0.8560791 0.0283966 0.8560791 0.0487976 0.7685547 0.06939697 0.8560791 0.0487976 0.8560791 0.0487976 0.8560791 0.0283966 0.7685547 0.0487976 0.7685547 0.06939697 0.8560791 0.0487976 0.7685547 0.06939697 0.7685547 0.0283966 0.7573242 0.0487976 0.7685547 0.0283966 0.7685547 0.06939697 0.7573242 0.06939697 0.7685547 0.0487976 0.7685547 0.06939697 0.7573242 0.08996582 0.7685547 0.06939697 0.7685547 0.08996582 0.7685547 0.06939697 0.7573242 0.08996582 0.7573242 0.06939697 0.7541504 0.08996582 0.7573242 0.06939697 0.7573242 0.0487976 0.7685547 0.0283966 0.7573242 0.0487976 0.7573242 0.0487976 0.7685547 0.0487976 0.7573242 0.06939697 0.7573242 0.0283966 0.7541504 0.0487976 0.7573242 0.0283966 0.7573242 0.06939697 0.7573242 0.0487976 0.7541504 0.06939697 0.7541504 0.0487976 0.7541504 0.06939697 0.7573242 0.0487976 0.7573242 0.0487976 0.7573242 0.0283966 0.7541504 0.0487976 0.7541504 0.0487976 0.748291 0.06939697 0.7541504 0.0487976 0.7541504 0.0487976 0.7541504 0.0283966 0.7541504 0.0487976 0.748291 0.0487976 0.748291 0.0283966 0.7541504 0.0283966 0.748291 0.0283966 0.8840332 0.0283966 0.8788452 0.0487976 0.8788452 0.0487976 0.8840332 0.0283966 0.8840332 0.0487976 0.8788452 0.0487976 0.8840332 0.0487976 0.8788452 0.06939697 0.8788452 0.0487976 0.8910523 0.0283966 0.8840332 0.0487976 0.8840332 0.0283966 0.8840332 0.0487976 0.8910523 0.0283966 0.8910523 0.06939697 0.8840332 0.0487976 0.8840332 0.06939697 0.8788452 0.0487976 0.8910523 0.0487976 0.8840332 0.06939697 0.8840332 0.06939697 0.8788452 0.08996582 0.8788452 0.06939697 0.8840332 0.0487976 0.9755097 0.0283966 0.8910523 0.0487976 0.8910523 0.0283966 0.8910523 0.0487976 0.9755097 0.0283966 0.9755097 0.0283966 0.9837036 0.0283966 0.9755097 0.0487976 0.9755097 0.06939697 0.8910523 0.0487976 0.8910523 0.06939697 0.8840332 0.0487976 0.9755097 0.0487976 0.8910523 0.06939697 0.8910523 0.08996582 0.8840332 0.06939697 0.8840332 0.08996582 0.8788452 0.0487976 0.9837036 0.0283966 0.9837036 0.0487976 0.9755097 0.0487976 0.9837036 0.0283966 0.9908066 0.0283966 0.9837036 0.0283966 0.9908066 0.0487976 0.9837036 0.0487976 0.9908066 0.06939697 0.9837036 0.0487976 0.9908066 0.0487976 0.9837036 0.0487976 0.9755097 0.06939697 0.9837036 0.0487976 0.9837036 0.0487976 0.9908066 0.06939697 0.9837036 0.06939697 0.9908066 0.06939697 0.8910523 0.06939697 0.9755097 0.0487976 0.9755097 0.06939697 0.9837036 0.0487976 0.9755097 0.06939697 0.9755097 0.06939697 0.8840332 0.08996582 0.8910523 0.06939697 0.8910523 0.06939697 0.9755097 0.06939697 0.8910523 0.08996582 0.8910523 0.08996582 0.8910523 0.06939697 0.8840332 0.08996582 0.8840332 0.06939697 0.9837036 0.06939697 0.9755097 0.08996582 0.9755097 0.08996582 0.8910523 0.08996582 0.9755097 0.06939697 0.9755097 0.08996582 0.9837036 0.06939697 0.9908066 0.06939697 0.9837036 0.08996582 0.9837036 0.06939697 0.9837036 0.08996582 0.9755097 0.06939697 0.9908066 0.08996582 0.9837036 0.08996582 0.9908066 0.1106567 0.9837036 0.08996582 0.9908066 0.08996582 0.9837036 0.08996582 0.9755097 0.1106567 0.9837036 0.08996582 0.9837036 0.08996582 0.9908066 0.1106567 0.9837036 0.1106567 0.9908066 0.1106567 0.9837036 0.1312255 0.9908066 0.1106567 0.9908066 0.08996582 0.8910523 0.1106567 0.9755097 0.08996582 0.9755097 0.1106567 0.9837036 0.08996582 0.9755097 0.1106567 0.9755097 0.1312255 0.9908066 0.1106567 0.9837036 0.1312255 0.9837036 0.1312255 0.9837036 0.1519775 0.9908066 0.1312255 0.9908066 0.1312255 0.9837036 0.1106567 0.9837036 0.1312255 0.9755097 0.1106567 0.9755097 0.1312255 0.9755097 0.1106567 0.9837036 0.1312255 0.9837036 0.1519775 0.9837036 0.1519775 0.9908066 0.1312255 0.9755097 0.1519775 0.9837036 0.1312255 0.9837036 0.1519775 0.9837036 0.1724853 0.9908066 0.1519775 0.9908066 0.1312255 0.8910523 0.1312255 0.9755097 0.1106567 0.9755097 0.1724853 0.9908066 0.1519775 0.9837036 0.1724853 0.9837036 0.1724853 0.9837036 0.1929931 0.9908066 0.1724853 0.9908066 0.1724853 0.9837036 0.1929931 0.9837036 0.1929931 0.9908066 0.1519775 0.9837036 0.1312255 0.9755097 0.1519775 0.9755097 0.1312255 0.8910523 0.1519775 0.9755097 0.1312255 0.9755097 0.1724853 0.9837036 0.1519775 0.9837036 0.1724853 0.9755097 0.1724853 0.9755097 0.1929931 0.9837036 0.1724853 0.9837036 0.1519775 0.9837036 0.1519775 0.9755097 0.1724853 0.9755097 0.1929931 0.9837036 0.1724853 0.9755097 0.1929931 0.9755097 0.1519775 0.8910523 0.1724853 0.9755097 0.1519775 0.9755097 0.1519775 0.9755097 0.1312255 0.8910523 0.1519775 0.8910523 0.1724853 0.8910523 0.1929931 0.9755097 0.1724853 0.9755097 0.1724853 0.9755097 0.1519775 0.8910523 0.1724853 0.8910523 0.1929931 0.9755097 0.1724853 0.8910523 0.1929931 0.8910523 0.1929931 0.8910523 0.1724853 0.8910523 0.1929931 0.8840332 0.1519775 0.8840332 0.1724853 0.8910523 0.1519775 0.8910523 0.1519775 0.8910523 0.1312255 0.8910523 0.1519775 0.8840332 0.1724853 0.8910523 0.1724853 0.8840332 0.1929931 0.8840332 0.1724853 0.8910523 0.1519775 0.8840332 0.1724853 0.8840332 0.1724853 0.8788452 0.1929931 0.8840332 0.1724853 0.8840332 0.1929931 0.8840332 0.1724853 0.8788452 0.1929931 0.8788452 0.1724853 0.8840332 0.1519775 0.8840332 0.1724853 0.8788452 0.1519775 0.8788452 0.1724853 0.8788452 0.1519775 0.8840332 0.1519775 0.8840332 0.1312255 0.8788452 0.1519775 0.8788452 0.1312255 0.8788452 0.1519775 0.8840332 0.1312255 0.8840332 0.1312255 0.8910523 0.1312255 0.8840332 0.1519775 0.8840332 0.1312255 0.8840332 0.1106567 0.8840332 0.1312255 0.8788452 0.1312255 0.8910523 0.1106567 0.8840332 0.1312255 0.8840332 0.1106567 0.8788452 0.1312255 0.8788452 0.1106567 0.8840332 0.1106567 0.8840332 0.08996582 0.8788452 0.1106567 0.8788452 0.08996582 0.8788452 0.1106567 0.8840332 0.08996582 0.8840332 0.08996582 0.8910523 0.08996582 0.8840332 0.1106567 0.8840332 0.1106567 0.8840332 0.1312255 0.8910523 0.1106567 0.8910523 0.1106567 0.8910523 0.08996582 0.8910523 0.1106567 0.8840332 0.1106567 0.9755097 0.1106567 0.8910523 0.1312255 0.8910523 0.1106567 0.9755097 0.08996582 0.8910523 0.1106567 0.8910523 0.1929931 0.512207 0.1724853 0.505127 0.1929931 0.505127 0.1929931 0.512207 0.1724853 0.512207 0.1724853 0.505127 0.1724853 0.512207 0.1519775 0.505127 0.1724853 0.505127 0.1929931 0.512207 0.1724853 0.5290527 0.1724853 0.512207 0.1724853 0.5290527 0.1929931 0.512207 0.1929931 0.5290527 0.1724853 0.512207 0.1519775 0.512207 0.1519775 0.505127 0.1312255 0.505127 0.1519775 0.505127 0.1519775 0.512207 0.1519775 0.5290527 0.1724853 0.512207 0.1724853 0.5290527 0.1724853 0.512207 0.1519775 0.5290527 0.1519775 0.512207 0.1929931 0.5290527 0.1724853 0.6103516 0.1724853 0.5290527 0.1519775 0.5290527 0.1724853 0.5290527 0.1724853 0.6103516 0.1724853 0.6103516 0.1929931 0.5290527 0.1929931 0.6103516 0.1929931 0.6196289 0.1724853 0.6103516 0.1929931 0.6103516 0.1519775 0.512207 0.1312255 0.512207 0.1312255 0.505127 0.1929931 0.6196289 0.1724853 0.6196289 0.1724853 0.6103516 0.1929931 0.6254883 0.1724853 0.6196289 0.1929931 0.6196289 0.1519775 0.512207 0.1312255 0.5290527 0.1312255 0.512207 0.1312255 0.5290527 0.1519775 0.512207 0.1519775 0.5290527 0.1106567 0.512207 0.1312255 0.505127 0.1312255 0.512207 0.1106567 0.512207 0.1312255 0.512207 0.1312255 0.5290527 0.1312255 0.505127 0.1106567 0.512207 0.1106567 0.505127 0.1724853 0.6296387 0.1929931 0.6254883 0.1929931 0.6296387 0.08996582 0.512207 0.1106567 0.505127 0.1106567 0.512207 0.1106567 0.505127 0.08996582 0.512207 0.08996582 0.505127 0.1929931 0.6254883 0.1724853 0.6296387 0.1724853 0.6254883 0.1929931 0.6254883 0.1724853 0.6254883 0.1724853 0.6196289 0.1519775 0.6254883 0.1724853 0.6254883 0.1724853 0.6296387 0.1519775 0.6254883 0.1724853 0.6196289 0.1724853 0.6254883 0.1519775 0.6254883 0.1724853 0.6296387 0.1519775 0.6296387 0.1724853 0.6196289 0.1519775 0.6254883 0.1519775 0.6196289 0.1519775 0.6196289 0.1724853 0.6103516 0.1724853 0.6196289 0.1519775 0.6296387 0.1312255 0.6254883 0.1519775 0.6254883 0.1312255 0.6254883 0.1519775 0.6296387 0.1312255 0.6296387 0.1724853 0.6103516 0.1519775 0.6196289 0.1519775 0.6103516 0.1519775 0.6103516 0.1519775 0.5290527 0.1724853 0.6103516 0.1519775 0.6254883 0.1312255 0.6196289 0.1519775 0.6196289 0.1312255 0.6196289 0.1519775 0.6103516 0.1519775 0.6196289 0.1519775 0.6254883 0.1312255 0.6254883 0.1312255 0.6196289 0.1312255 0.6103516 0.1519775 0.5290527 0.1519775 0.6103516 0.1519775 0.6103516 0.1312255 0.6196289 0.1312255 0.6103516 0.1519775 0.5290527 0.1312255 0.6103516 0.1312255 0.5290527 0.1106567 0.6254883 0.1312255 0.6196289 0.1312255 0.6254883 0.1106567 0.6254883 0.1312255 0.6254883 0.1312255 0.6296387 0.1312255 0.6296387 0.1106567 0.6296387 0.1106567 0.6254883 0.08996582 0.6296387 0.1106567 0.6254883 0.1106567 0.6296387 0.1106567 0.6196289 0.1312255 0.6103516 0.1312255 0.6196289 0.1312255 0.6196289 0.1106567 0.6254883 0.1106567 0.6196289 0.1106567 0.5290527 0.1312255 0.5290527 0.1312255 0.6103516 0.1106567 0.5290527 0.1106567 0.512207 0.1312255 0.5290527 0.1106567 0.6103516 0.1106567 0.5290527 0.1312255 0.6103516 0.1312255 0.6103516 0.1106567 0.6196289 0.1106567 0.6103516 0.08996582 0.5290527 0.1106567 0.512207 0.1106567 0.5290527 0.1106567 0.5290527 0.1106567 0.6103516 0.08996582 0.5290527 0.1106567 0.512207 0.08996582 0.5290527 0.08996582 0.512207 0.1106567 0.6196289 0.08996582 0.6103516 0.1106567 0.6103516 0.08996582 0.6103516 0.08996582 0.5290527 0.1106567 0.6103516 0.1106567 0.6254883 0.08996582 0.6196289 0.1106567 0.6196289 0.1106567 0.6196289 0.08996582 0.6196289 0.08996582 0.6103516 0.1106567 0.6254883 0.08996582 0.6254883 0.08996582 0.6196289 0.1106567 0.6254883 0.08996582 0.6296387 0.08996582 0.6254883 0.06939697 0.6254883 0.08996582 0.6254883 0.08996582 0.6296387 0.06939697 0.6254883 0.08996582 0.6196289 0.08996582 0.6254883 0.06939697 0.6254883 0.08996582 0.6296387 0.06939697 0.6296387 0.0487976 0.6296387 0.06939697 0.6254883 0.06939697 0.6296387 0.06939697 0.6196289 0.08996582 0.6103516 0.08996582 0.6196289 0.08996582 0.6196289 0.06939697 0.6254883 0.06939697 0.6196289 0.0283966 0.6254883 0.0487976 0.6296387 0.0283966 0.6296387 0.06939697 0.6254883 0.0487976 0.6296387 0.0487976 0.6254883 0.0283966 0.6254883 0.0487976 0.6254883 0.0487976 0.6296387 0.06939697 0.6254883 0.0487976 0.6254883 0.0487976 0.6196289 0.0283966 0.6254883 0.0487976 0.6196289 0.0487976 0.6254883 0.06939697 0.6254883 0.0487976 0.6196289 0.06939697 0.6196289 0.0487976 0.6196289 0.0283966 0.6254883 0.0283966 0.6196289 0.0283966 0.6196289 0.0487976 0.6103516 0.0487976 0.6196289 0.06939697 0.6196289 0.0487976 0.6196289 0.0487976 0.6103516 0.0487976 0.6103516 0.0283966 0.6196289 0.0283966 0.6103516 0.08996582 0.6103516 0.06939697 0.6196289 0.06939697 0.6103516 0.06939697 0.6196289 0.0487976 0.6103516 0.06939697 0.6103516 0.06939697 0.6103516 0.08996582 0.5290527 0.08996582 0.6103516 0.0283966 0.6103516 0.0487976 0.5290527 0.0487976 0.6103516 0.0487976 0.6103516 0.0487976 0.5290527 0.06939697 0.6103516 0.0487976 0.5290527 0.0283966 0.6103516 0.0283966 0.5290527 0.0283966 0.512207 0.0487976 0.5290527 0.0283966 0.5290527 0.08996582 0.5290527 0.06939697 0.6103516 0.06939697 0.5290527 0.06939697 0.6103516 0.0487976 0.5290527 0.06939697 0.5290527 0.0487976 0.5290527 0.0283966 0.512207 0.0487976 0.512207 0.0487976 0.512207 0.06939697 0.5290527 0.0487976 0.5290527 0.0487976 0.505127 0.0283966 0.512207 0.0283966 0.505127 0.0283966 0.512207 0.0487976 0.505127 0.0487976 0.512207 0.08996582 0.5290527 0.06939697 0.5290527 0.06939697 0.512207 0.06939697 0.5290527 0.0487976 0.512207 0.06939697 0.512207 0.06939697 0.512207 0.0487976 0.512207 0.0487976 0.505127 0.08996582 0.5290527 0.06939697 0.512207 0.08996582 0.512207 0.06939697 0.512207 0.0487976 0.505127 0.06939697 0.505127 0.06939697 0.512207 0.08996582 0.505127 0.08996582 0.512207 0.08996582 0.505127 0.06939697 0.512207 0.06939697 0.505127 0.0487976 0.6296387 0.0283966 0.6362305 0.0283966 0.6296387 0.0283966 0.6362305 0.0487976 0.6296387 0.0487976 0.6362305 0.0487976 0.6362305 0.0283966 0.638916 0.0283966 0.6362305 0.06939697 0.6362305 0.0487976 0.6362305 0.0487976 0.6296387 0.06939697 0.6362305 0.0487976 0.6296387 0.06939697 0.6296387 0.08996582 0.6296387 0.06939697 0.6362305 0.06939697 0.6296387 0.0283966 0.638916 0.0487976 0.6362305 0.0487976 0.638916 0.06939697 0.6362305 0.08996582 0.6296387 0.08996582 0.6362305 0.0487976 0.652832 0.0283966 0.638916 0.0487976 0.638916 0.0283966 0.638916 0.0487976 0.652832 0.0283966 0.652832 0.06939697 0.638916 0.0487976 0.638916 0.0487976 0.6362305 0.06939697 0.638916 0.0487976 0.6362305 0.06939697 0.6362305 0.06939697 0.638916 0.0487976 0.652832 0.0487976 0.638916 0.08996582 0.638916 0.06939697 0.6362305 0.08996582 0.6362305 0.08996582 0.638916 0.06939697 0.638916 0.06939697 0.6362305 0.1106567 0.6362305 0.08996582 0.6362305 0.08996582 0.6296387 0.08996582 0.6296387 0.1106567 0.6296387 0.1106567 0.6362305 0.1312255 0.6296387 0.1106567 0.6362305 0.1106567 0.6296387 0.1106567 0.638916 0.08996582 0.638916 0.08996582 0.6362305 0.08996582 0.6362305 0.1106567 0.6362305 0.1106567 0.638916 0.08996582 0.652832 0.06939697 0.638916 0.08996582 0.638916 0.1106567 0.638916 0.08996582 0.652832 0.08996582 0.638916 0.1106567 0.6362305 0.1312255 0.6296387 0.1312255 0.6362305 0.06939697 0.638916 0.08996582 0.652832 0.06939697 0.652832 0.0487976 0.652832 0.06939697 0.638916 0.06939697 0.652832 0.1312255 0.638916 0.1106567 0.6362305 0.1312255 0.6362305 0.1312255 0.638916 0.1106567 0.638916 0.1106567 0.6362305 0.1519775 0.6362305 0.1312255 0.6362305 0.1312255 0.6296387 0.1519775 0.6362305 0.1312255 0.638916 0.1312255 0.6362305 0.1519775 0.6362305 0.1312255 0.6296387 0.1519775 0.6296387 0.1724853 0.6296387 0.1519775 0.6362305 0.1519775 0.6296387 0.1929931 0.6362305 0.1724853 0.6296387 0.1929931 0.6296387 0.1519775 0.6362305 0.1724853 0.6296387 0.1724853 0.6362305 0.1929931 0.6362305 0.1724853 0.6362305 0.1724853 0.6296387 0.1312255 0.638916 0.1519775 0.6362305 0.1519775 0.638916 0.1724853 0.6362305 0.1519775 0.638916 0.1519775 0.6362305 0.1929931 0.6362305 0.1724853 0.638916 0.1724853 0.6362305 0.1519775 0.638916 0.1724853 0.6362305 0.1724853 0.638916 0.1724853 0.638916 0.1929931 0.6362305 0.1929931 0.638916 0.1519775 0.638916 0.1312255 0.652832 0.1312255 0.638916 0.1312255 0.652832 0.1106567 0.638916 0.1312255 0.638916 0.1724853 0.638916 0.1519775 0.652832 0.1519775 0.638916 0.1312255 0.652832 0.1519775 0.638916 0.1519775 0.652832 0.1929931 0.638916 0.1724853 0.652832 0.1724853 0.638916 0.1519775 0.652832 0.1724853 0.638916 0.1724853 0.652832 0.1724853 0.652832 0.1929931 0.638916 0.1929931 0.652832 0.1106567 0.638916 0.1312255 0.652832 0.1106567 0.652832 0.08996582 0.652832 0.1106567 0.638916 0.1106567 0.652832 0.1929931 0.652832 0.1724853 0.7272949 0.1724853 0.652832 0.1724853 0.7272949 0.1929931 0.652832 0.1929931 0.7272949 0.1929931 0.7409668 0.1724853 0.7272949 0.1929931 0.7272949 0.1106567 0.652832 0.1106567 0.7272949 0.08996582 0.652832 0.1312255 0.652832 0.1106567 0.7272949 0.1106567 0.652832 0.1724853 0.748291 0.1929931 0.7409668 0.1929931 0.748291 0.1106567 0.7272949 0.1312255 0.652832 0.1312255 0.7272949 0.1519775 0.652832 0.1312255 0.7272949 0.1312255 0.652832 0.1724853 0.7409668 0.1929931 0.7409668 0.1724853 0.748291 0.1724853 0.7272949 0.1929931 0.7409668 0.1724853 0.7409668 0.1724853 0.652832 0.1519775 0.7272949 0.1519775 0.652832 0.1519775 0.7272949 0.1724853 0.652832 0.1724853 0.7272949 0.1724853 0.7409668 0.1519775 0.7272949 0.1724853 0.7272949 0.1312255 0.7272949 0.1519775 0.652832 0.1519775 0.7272949 0.1724853 0.748291 0.1519775 0.7409668 0.1724853 0.7409668 0.1519775 0.7272949 0.1724853 0.7409668 0.1519775 0.7409668 0.1519775 0.7409668 0.1312255 0.7272949 0.1519775 0.7272949 0.1519775 0.7409668 0.1724853 0.748291 0.1519775 0.748291 0.1519775 0.7409668 0.1519775 0.748291 0.1312255 0.748291 0.1312255 0.7272949 0.1519775 0.7409668 0.1312255 0.7409668 0.1519775 0.7409668 0.1312255 0.748291 0.1312255 0.7409668 0.1312255 0.7409668 0.1106567 0.7409668 0.1312255 0.7272949 0.1312255 0.748291 0.1106567 0.7409668 0.1312255 0.7409668 0.1106567 0.7409668 0.1106567 0.7272949 0.1312255 0.7272949 0.1106567 0.7409668 0.1312255 0.748291 0.1106567 0.748291 0.1106567 0.7409668 0.08996582 0.7272949 0.1106567 0.7272949 0.08996582 0.7272949 0.08996582 0.652832 0.1106567 0.7272949 0.1106567 0.748291 0.08996582 0.7409668 0.1106567 0.7409668 0.08996582 0.7272949 0.1106567 0.7409668 0.08996582 0.7409668 0.08996582 0.7409668 0.1106567 0.748291 0.08996582 0.748291 0.06939697 0.652832 0.08996582 0.652832 0.08996582 0.7272949 0.08996582 0.748291 0.06939697 0.7409668 0.08996582 0.7409668 0.08996582 0.7409668 0.06939697 0.7409668 0.08996582 0.7272949 0.06939697 0.7409668 0.08996582 0.748291 0.06939697 0.748291 0.06939697 0.7272949 0.06939697 0.652832 0.08996582 0.7272949 0.06939697 0.7409668 0.06939697 0.7272949 0.08996582 0.7272949 0.0487976 0.652832 0.06939697 0.652832 0.06939697 0.7272949 0.0487976 0.748291 0.06939697 0.7409668 0.06939697 0.748291 0.0487976 0.7272949 0.0487976 0.652832 0.06939697 0.7272949 0.06939697 0.7409668 0.0487976 0.7272949 0.06939697 0.7272949 0.0487976 0.7272949 0.0283966 0.652832 0.0487976 0.652832 0.0283966 0.7272949 0.0283966 0.652832 0.0487976 0.7272949 0.0283966 0.7409668 0.0283966 0.7272949 0.0487976 0.7272949 0.0487976 0.7409668 0.06939697 0.7409668 0.0487976 0.748291 0.0487976 0.7272949 0.06939697 0.7409668 0.0487976 0.7409668 0.0487976 0.7409668 0.0283966 0.7409668 0.0487976 0.7272949 0.0487976 0.748291 0.0283966 0.748291 0.0487976 0.7409668 0.0487976 0.7409668 0.0283966 0.748291 0.0283966 0.7409668 0.9516602 0.730957 0.9287109 0.7197266 0.9516602 0.7197266 0.9287109 0.7197266 0.9516602 0.730957 0.9287109 0.730957 0.9516602 0.7619629 0.9287109 0.730957 0.9516602 0.730957 0.9042969 0.730957 0.9287109 0.7197266 0.9287109 0.730957 0.9287109 0.7197266 0.9042969 0.730957 0.9042969 0.7197266 0.9287109 0.730957 0.9516602 0.7619629 0.9287109 0.7619629 0.9287109 0.730957 0.9287109 0.7619629 0.9042969 0.730957 0.9516602 0.8526611 0.9287109 0.7619629 0.9516602 0.7619629 0.8813477 0.7197266 0.9042969 0.7197266 0.9042969 0.730957 0.9287109 0.7619629 0.9516602 0.8526611 0.9287109 0.8526611 0.9516602 0.8873291 0.9287109 0.8526611 0.9516602 0.8526611 0.8813477 0.730957 0.8813477 0.7197266 0.9042969 0.730957 0.9516602 0.8873291 0.9516602 0.8971558 0.9287109 0.8971558 0.9042969 0.730957 0.9042969 0.7619629 0.8813477 0.730957 0.9042969 0.7619629 0.9042969 0.730957 0.9287109 0.7619629 0.9516602 0.8873291 0.9287109 0.8971558 0.9287109 0.8873291 0.9287109 0.8526611 0.9516602 0.8873291 0.9287109 0.8873291 0.9287109 0.8971558 0.9047852 0.8873291 0.9287109 0.8873291 0.9047852 0.8873291 0.9287109 0.8526611 0.9287109 0.8873291 0.9047852 0.8873291 0.9287109 0.8971558 0.9047852 0.8971558 0.8813477 0.8971558 0.9047852 0.8873291 0.9047852 0.8971558 0.9287109 0.7619629 0.9287109 0.8526611 0.9047852 0.8103027 0.9287109 0.7619629 0.9047852 0.8103027 0.9042969 0.7982178 0.9042969 0.7619629 0.9287109 0.7619629 0.9042969 0.7982178 0.9287109 0.8526611 0.9047852 0.8526611 0.9047852 0.8103027 0.9287109 0.8526611 0.9047852 0.8873291 0.9047852 0.8526611 0.8813477 0.7893067 0.9042969 0.7619629 0.9042969 0.7982178 0.9047852 0.8526611 0.8813477 0.8199463 0.9047852 0.8103027 0.8813477 0.7893067 0.8813477 0.7619629 0.9042969 0.7619629 0.8813477 0.7619629 0.8813477 0.730957 0.9042969 0.7619629 0.8813477 0.8199463 0.9047852 0.8526611 0.8813477 0.8526611 0.9047852 0.8873291 0.8813477 0.8526611 0.9047852 0.8526611 0.8813477 0.7893067 0.8579102 0.7619629 0.8813477 0.7619629 0.8579102 0.7619629 0.8813477 0.7893067 0.8579102 0.7902832 0.8813477 0.7619629 0.8579102 0.730957 0.8813477 0.730957 0.8579102 0.730957 0.8813477 0.7619629 0.8579102 0.7619629 0.8579102 0.730957 0.8813477 0.7197266 0.8813477 0.730957 0.8813477 0.7197266 0.8579102 0.730957 0.8579102 0.7197266 0.8579102 0.730957 0.8349609 0.7197266 0.8579102 0.7197266 0.8579102 0.7902832 0.8349609 0.7619629 0.8579102 0.7619629 0.8349609 0.7619629 0.8579102 0.730957 0.8579102 0.7619629 0.8349609 0.7619629 0.8579102 0.7902832 0.8349609 0.7976074 0.8349609 0.7197266 0.8579102 0.730957 0.8349609 0.730957 0.8579102 0.730957 0.8349609 0.7619629 0.8349609 0.730957 0.8110352 0.7619629 0.8349609 0.7619629 0.8349609 0.7976074 0.8110352 0.7619629 0.8349609 0.730957 0.8349609 0.7619629 0.8349609 0.8140869 0.8110352 0.7619629 0.8349609 0.7976074 0.8110352 0.730957 0.8349609 0.7197266 0.8349609 0.730957 0.8349609 0.730957 0.8110352 0.7619629 0.8110352 0.730957 0.8349609 0.7197266 0.8110352 0.730957 0.8110352 0.7197266 0.8110352 0.730957 0.7875977 0.7197266 0.8110352 0.7197266 0.7875977 0.7197266 0.7641602 0.730957 0.7641602 0.7197266 0.7875977 0.7197266 0.8110352 0.730957 0.7875977 0.730957 0.7641602 0.730957 0.7875977 0.7197266 0.7875977 0.730957 0.8110352 0.730957 0.7875977 0.7619629 0.7875977 0.730957 0.7875977 0.7619629 0.7641602 0.730957 0.7875977 0.730957 0.7875977 0.7619629 0.8110352 0.730957 0.8110352 0.7619629 0.7641602 0.730957 0.7875977 0.7619629 0.7641602 0.7619629 0.7875977 0.7619629 0.7641602 0.8526611 0.7641602 0.7619629 0.7641602 0.8526611 0.7875977 0.7619629 0.7875977 0.8526611 0.8110352 0.7619629 0.7875977 0.8526611 0.7875977 0.7619629 0.7875977 0.8526611 0.7641602 0.8873291 0.7641602 0.8526611 0.7875977 0.8526611 0.8110352 0.7619629 0.8110352 0.8526611 0.8110352 0.8526611 0.8110352 0.7619629 0.8349609 0.8140869 0.7875977 0.8526611 0.7875977 0.8873291 0.7641602 0.8873291 0.7641602 0.8873291 0.7875977 0.8971558 0.7641602 0.8971558 0.7875977 0.8971558 0.7641602 0.8873291 0.7875977 0.8873291 0.7875977 0.8526611 0.8110352 0.8873291 0.7875977 0.8873291 0.8110352 0.8873291 0.7875977 0.8971558 0.7875977 0.8873291 0.8110352 0.8873291 0.7875977 0.8526611 0.8110352 0.8526611 0.8110352 0.8873291 0.8110352 0.8971558 0.7875977 0.8971558 0.8110352 0.8873291 0.8349609 0.8971558 0.8110352 0.8971558 0.8110352 0.8526611 0.8349609 0.8873291 0.8110352 0.8873291 0.8349609 0.8971558 0.8110352 0.8873291 0.8349609 0.8873291 0.8349609 0.8140869 0.8349609 0.8526611 0.8110352 0.8526611 0.8349609 0.8873291 0.8110352 0.8526611 0.8349609 0.8526611 0.8583984 0.8197022 0.8349609 0.8526611 0.8349609 0.8140869 0.8583984 0.8873291 0.8349609 0.8971558 0.8349609 0.8873291 0.8349609 0.8526611 0.8583984 0.8873291 0.8349609 0.8873291 0.8583984 0.8873291 0.8583984 0.8971558 0.8349609 0.8971558 0.8583984 0.8197022 0.8583984 0.8526611 0.8349609 0.8526611 0.8583984 0.8873291 0.8349609 0.8526611 0.8583984 0.8526611 0.8813477 0.8199463 0.8583984 0.8526611 0.8583984 0.8197022 0.8583984 0.8873291 0.8813477 0.8971558 0.8583984 0.8971558 0.8813477 0.8199463 0.8813477 0.8526611 0.8583984 0.8526611 0.8813477 0.8526611 0.8583984 0.8873291 0.8583984 0.8526611 0.8813477 0.8971558 0.8583984 0.8873291 0.8813477 0.8873291 0.8813477 0.8526611 0.8813477 0.8873291 0.8583984 0.8873291 0.8813477 0.8873291 0.9047852 0.8873291 0.8813477 0.8971558 0.8813477 0.8526611 0.9047852 0.8873291 0.8813477 0.8873291 0.4853516 0.3540039 0.465332 0.3588867 0.465332 0.3540039 0.4853516 0.3588867 0.465332 0.3588867 0.4853516 0.3540039 0.4853516 0.3652344 0.465332 0.3588867 0.4853516 0.3588867 0.465332 0.3588867 0.4853516 0.3652344 0.465332 0.3652344 0.4853516 0.3540039 0.503418 0.3588867 0.4853516 0.3588867 0.503418 0.3588867 0.4853516 0.3652344 0.4853516 0.3588867 0.503418 0.3588867 0.4853516 0.3540039 0.503418 0.3540039 0.5205078 0.3540039 0.503418 0.3588867 0.503418 0.3540039 0.4853516 0.378418 0.465332 0.3652344 0.4853516 0.3652344 0.465332 0.3652344 0.4853516 0.378418 0.465332 0.378418 0.4853516 0.378418 0.465332 0.3867188 0.465332 0.378418 0.4853516 0.3652344 0.503418 0.3588867 0.503418 0.3652344 0.4853516 0.3867188 0.465332 0.3867188 0.4853516 0.378418 0.465332 0.3867188 0.4853516 0.3867188 0.465332 0.3930664 0.4853516 0.3930664 0.465332 0.3930664 0.4853516 0.3867188 0.4853516 0.3652344 0.503418 0.378418 0.4853516 0.378418 0.503418 0.378418 0.4853516 0.3867188 0.4853516 0.378418 0.503418 0.378418 0.4853516 0.3652344 0.503418 0.3652344 0.503418 0.3867188 0.4853516 0.3930664 0.4853516 0.3867188 0.4853516 0.3867188 0.503418 0.378418 0.503418 0.3867188 0.4853516 0.3930664 0.503418 0.3867188 0.503418 0.3930664 0.503418 0.3867188 0.5205078 0.3930664 0.503418 0.3930664 0.5205078 0.3652344 0.503418 0.378418 0.503418 0.3652344 0.503418 0.3588867 0.5205078 0.3652344 0.503418 0.3652344 0.5205078 0.378418 0.503418 0.3867188 0.503418 0.378418 0.503418 0.378418 0.5205078 0.3652344 0.5205078 0.378418 0.5205078 0.3930664 0.503418 0.3867188 0.5205078 0.3867188 0.5205078 0.3867188 0.503418 0.3867188 0.5205078 0.378418 0.5205078 0.3867188 0.5375977 0.3867188 0.5205078 0.3930664 0.5205078 0.378418 0.5375977 0.3867188 0.5205078 0.3867188 0.5205078 0.3930664 0.5375977 0.3867188 0.5375977 0.3930664 0.5375977 0.3867188 0.5541992 0.3930664 0.5375977 0.3930664 0.5205078 0.3652344 0.503418 0.3588867 0.5205078 0.3588867 0.5205078 0.3588867 0.503418 0.3588867 0.5205078 0.3540039 0.5541992 0.3930664 0.5375977 0.3867188 0.5541992 0.3867188 0.5541992 0.3867188 0.5717774 0.3930664 0.5541992 0.3930664 0.5205078 0.3540039 0.5375977 0.3588867 0.5205078 0.3588867 0.5375977 0.3588867 0.5205078 0.3652344 0.5205078 0.3588867 0.5375977 0.3588867 0.5205078 0.3540039 0.5375977 0.3540039 0.5541992 0.3540039 0.5375977 0.3588867 0.5375977 0.3540039 0.5205078 0.3652344 0.5375977 0.3588867 0.5375977 0.3652344 0.5375977 0.3652344 0.5205078 0.378418 0.5205078 0.3652344 0.5375977 0.3588867 0.5541992 0.3540039 0.5541992 0.3588867 0.5717774 0.3540039 0.5541992 0.3588867 0.5541992 0.3540039 0.5205078 0.378418 0.5375977 0.3652344 0.5375977 0.378418 0.5375977 0.3867188 0.5205078 0.378418 0.5375977 0.378418 0.5375977 0.3588867 0.5541992 0.3652344 0.5375977 0.3652344 0.5541992 0.3652344 0.5375977 0.378418 0.5375977 0.3652344 0.5541992 0.3652344 0.5375977 0.3588867 0.5541992 0.3588867 0.5541992 0.378418 0.5375977 0.3867188 0.5375977 0.378418 0.5375977 0.378418 0.5541992 0.3652344 0.5541992 0.378418 0.5375977 0.3867188 0.5541992 0.378418 0.5541992 0.3867188 0.5541992 0.3588867 0.5717774 0.3540039 0.5717774 0.3588867 0.5717774 0.3588867 0.5541992 0.3652344 0.5541992 0.3588867 0.590332 0.3540039 0.5717774 0.3588867 0.5717774 0.3540039 0.5717774 0.3652344 0.5541992 0.378418 0.5541992 0.3652344 0.5541992 0.3652344 0.5717774 0.3588867 0.5717774 0.3652344 0.5717774 0.3588867 0.590332 0.3540039 0.590332 0.3588867 0.6103516 0.3540039 0.590332 0.3588867 0.590332 0.3540039 0.590332 0.3588867 0.6103516 0.3540039 0.6103516 0.3588867 0.590332 0.3652344 0.5717774 0.3588867 0.590332 0.3588867 0.6103516 0.3588867 0.590332 0.3652344 0.590332 0.3588867 0.5717774 0.3588867 0.590332 0.3652344 0.5717774 0.3652344 0.590332 0.3652344 0.6103516 0.3588867 0.6103516 0.3652344 0.6103516 0.378418 0.590332 0.3652344 0.6103516 0.3652344 0.590332 0.3652344 0.6103516 0.378418 0.590332 0.378418 0.590332 0.378418 0.5717774 0.3652344 0.590332 0.3652344 0.6103516 0.3867188 0.590332 0.378418 0.6103516 0.378418 0.5717774 0.3652344 0.590332 0.378418 0.5717774 0.378418 0.5541992 0.378418 0.5717774 0.3652344 0.5717774 0.378418 0.590332 0.378418 0.6103516 0.3867188 0.590332 0.3867188 0.5717774 0.3867188 0.5541992 0.378418 0.5717774 0.378418 0.590332 0.378418 0.5717774 0.3867188 0.5717774 0.378418 0.590332 0.3867188 0.5717774 0.3867188 0.590332 0.378418 0.5541992 0.378418 0.5717774 0.3867188 0.5541992 0.3867188 0.5717774 0.3930664 0.5541992 0.3867188 0.5717774 0.3867188 0.5717774 0.3867188 0.590332 0.3930664 0.5717774 0.3930664 0.590332 0.3930664 0.5717774 0.3867188 0.590332 0.3867188 0.6103516 0.3867188 0.590332 0.3930664 0.590332 0.3867188 0.590332 0.3930664 0.6103516 0.3867188 0.6103516 0.3930664 0.03189086 0.4780274 0.0520935 0.4833984 0.03189086 0.4833984 0.0520935 0.4833984 0.03189086 0.4780274 0.0520935 0.4780274 0.03189086 0.4780274 0.0520935 0.4707031 0.0520935 0.4780274 0.0520935 0.4707031 0.03189086 0.4780274 0.03189086 0.4707031 0.0520935 0.4780274 0.07238769 0.4780274 0.0520935 0.4833984 0.07238769 0.4780274 0.0520935 0.4780274 0.0520935 0.4707031 0.07238769 0.4833984 0.0520935 0.4833984 0.07238769 0.4780274 0.07238769 0.4780274 0.09277343 0.4833984 0.07238769 0.4833984 0.03189086 0.4707031 0.0520935 0.3793945 0.0520935 0.4707031 0.0520935 0.3793945 0.03189086 0.4707031 0.03189086 0.3793945 0.03189086 0.3710938 0.0520935 0.3793945 0.03189086 0.3793945 0.0520935 0.3637695 0.03189086 0.3710938 0.03189086 0.3637695 0.0520935 0.3793945 0.03189086 0.3710938 0.0520935 0.3710938 0.03189086 0.3710938 0.0520935 0.3637695 0.0520935 0.3710938 0.0520935 0.3637695 0.07238769 0.3710938 0.0520935 0.3710938 0.07238769 0.3710938 0.0520935 0.3793945 0.0520935 0.3710938 0.07238769 0.3710938 0.0520935 0.3637695 0.07238769 0.3637695 0.09277343 0.3637695 0.07238769 0.3710938 0.07238769 0.3637695 0.07238769 0.3793945 0.0520935 0.4707031 0.0520935 0.3793945 0.0520935 0.3793945 0.07238769 0.3710938 0.07238769 0.3793945 0.0520935 0.4707031 0.07238769 0.3793945 0.07238769 0.4707031 0.07238769 0.4780274 0.0520935 0.4707031 0.07238769 0.4707031 0.07238769 0.3710938 0.09277343 0.3793945 0.07238769 0.3793945 0.09277343 0.3793945 0.07238769 0.4707031 0.07238769 0.3793945 0.07238769 0.3710938 0.09277343 0.3637695 0.09277343 0.3710938 0.09277343 0.3793945 0.07238769 0.3710938 0.09277343 0.3710938 0.09277343 0.3710938 0.09277343 0.3637695 0.1131591 0.3710938 0.1131591 0.3710938 0.09277343 0.3793945 0.09277343 0.3710938 0.1131591 0.3710938 0.09277343 0.3637695 0.1131591 0.3637695 0.1336669 0.3637695 0.1131591 0.3710938 0.1131591 0.3637695 0.07238769 0.4707031 0.09277343 0.3793945 0.09277343 0.4707031 0.09277343 0.4707031 0.07238769 0.4780274 0.07238769 0.4707031 0.09277343 0.3793945 0.1131591 0.3710938 0.1131591 0.3793945 0.1131591 0.3793945 0.09277343 0.4707031 0.09277343 0.3793945 0.1131591 0.3710938 0.1336669 0.3637695 0.1336669 0.3710938 0.07238769 0.4780274 0.09277343 0.4707031 0.09277343 0.4780274 0.09277343 0.4833984 0.07238769 0.4780274 0.09277343 0.4780274 0.1336669 0.3793945 0.1131591 0.3710938 0.1336669 0.3710938 0.1131591 0.3793945 0.1131591 0.3710938 0.1336669 0.3793945 0.09277343 0.4780274 0.1131591 0.4780274 0.09277343 0.4833984 0.1131591 0.4780274 0.09277343 0.4780274 0.09277343 0.4707031 0.1131591 0.4833984 0.09277343 0.4833984 0.1131591 0.4780274 0.09277343 0.4707031 0.1131591 0.3793945 0.1131591 0.4707031 0.1131591 0.4780274 0.09277343 0.4707031 0.1131591 0.4707031 0.1131591 0.4780274 0.1336669 0.4833984 0.1131591 0.4833984 0.1131591 0.4707031 0.1131591 0.3793945 0.1336669 0.4707031 0.1336669 0.4707031 0.1131591 0.4780274 0.1131591 0.4707031 0.1336669 0.3793945 0.1336669 0.4707031 0.1131591 0.3793945 0.1336669 0.4833984 0.1131591 0.4780274 0.1336669 0.4780274 0.1131591 0.4780274 0.1336669 0.4707031 0.1336669 0.4780274 0.1336669 0.4780274 0.1539306 0.4780274 0.1336669 0.4833984 0.1336669 0.4707031 0.1539306 0.4780274 0.1336669 0.4780274 0.1336669 0.4833984 0.1539306 0.4780274 0.1539306 0.4833984 0.1539306 0.4780274 0.1743164 0.4833984 0.1539306 0.4833984 0.1336669 0.3793945 0.1539306 0.4707031 0.1336669 0.4707031 0.1539306 0.4780274 0.1336669 0.4707031 0.1539306 0.4707031 0.1743164 0.4833984 0.19458 0.4780274 0.19458 0.4833984 0.1743164 0.4833984 0.1539306 0.4780274 0.1743164 0.4780274 0.1743164 0.4780274 0.19458 0.4780274 0.1743164 0.4833984 0.1539306 0.4780274 0.1743164 0.4707031 0.1743164 0.4780274 0.1743164 0.4707031 0.19458 0.4780274 0.1743164 0.4780274 0.1743164 0.4707031 0.1539306 0.4780274 0.1539306 0.4707031 0.19458 0.4780274 0.1743164 0.4707031 0.19458 0.4707031 0.1539306 0.3793945 0.1743164 0.4707031 0.1539306 0.4707031 0.1539306 0.3793945 0.1539306 0.4707031 0.1336669 0.3793945 0.1743164 0.3793945 0.19458 0.4707031 0.1743164 0.4707031 0.1743164 0.4707031 0.1539306 0.3793945 0.1743164 0.3793945 0.19458 0.4707031 0.1743164 0.3793945 0.19458 0.3793945 0.1743164 0.3793945 0.19458 0.3710938 0.19458 0.3793945 0.1336669 0.3793945 0.1539306 0.3710938 0.1539306 0.3793945 0.1539306 0.3793945 0.1539306 0.3710938 0.1743164 0.3793945 0.1539306 0.3710938 0.1336669 0.3793945 0.1336669 0.3710938 0.1539306 0.3710938 0.1336669 0.3710938 0.1336669 0.3637695 0.1539306 0.3710938 0.1336669 0.3637695 0.1539306 0.3637695 0.1743164 0.3637695 0.1539306 0.3710938 0.1539306 0.3637695 0.19458 0.3710938 0.1743164 0.3637695 0.19458 0.3637695 0.1539306 0.3710938 0.1743164 0.3637695 0.1743164 0.3710938 0.1743164 0.3637695 0.19458 0.3710938 0.1743164 0.3710938 0.1743164 0.3793945 0.1539306 0.3710938 0.1743164 0.3710938 0.19458 0.3710938 0.1743164 0.3793945 0.1743164 0.3710938 0.03189086 0.3564453 0.0520935 0.3637695 0.03189086 0.3637695 0.0520935 0.3637695 0.03189086 0.3564453 0.0520935 0.3564453 0.03189086 0.3564453 0.0520935 0.347168 0.0520935 0.3564453 0.0520935 0.347168 0.03189086 0.3564453 0.03189086 0.347168 0.07238769 0.3564453 0.0520935 0.3637695 0.0520935 0.3564453 0.0520935 0.3637695 0.07238769 0.3564453 0.07238769 0.3637695 0.07238769 0.3564453 0.09277343 0.3637695 0.07238769 0.3637695 0.07238769 0.347168 0.0520935 0.3564453 0.0520935 0.347168 0.0520935 0.3564453 0.07238769 0.347168 0.07238769 0.3564453 0.03189086 0.347168 0.0520935 0.239746 0.0520935 0.347168 0.0520935 0.239746 0.03189086 0.347168 0.03189086 0.239746 0.03189086 0.2285156 0.0520935 0.239746 0.03189086 0.239746 0.0520935 0.347168 0.07238769 0.239746 0.07238769 0.347168 0.07238769 0.239746 0.0520935 0.347168 0.0520935 0.239746 0.0520935 0.239746 0.03189086 0.2285156 0.0520935 0.2285156 0.03189086 0.224121 0.0520935 0.2285156 0.03189086 0.2285156 0.0520935 0.239746 0.07238769 0.2285156 0.07238769 0.239746 0.07238769 0.2285156 0.0520935 0.239746 0.0520935 0.2285156 0.0520935 0.2285156 0.03189086 0.224121 0.0520935 0.224121 0.0520935 0.224121 0.03189086 0.224121 0.03189086 0.2197265 0.0520935 0.224121 0.03189086 0.2197265 0.0520935 0.2197265 0.07238769 0.224121 0.0520935 0.2285156 0.0520935 0.224121 0.0520935 0.2197265 0.07238769 0.224121 0.0520935 0.224121 0.0520935 0.2285156 0.07238769 0.224121 0.07238769 0.2285156 0.07238769 0.224121 0.0520935 0.2197265 0.07238769 0.2197265 0.07238769 0.239746 0.07238769 0.2285156 0.09277343 0.239746 0.09277343 0.239746 0.07238769 0.347168 0.07238769 0.239746 0.09277343 0.2285156 0.07238769 0.2285156 0.07238769 0.224121 0.09277343 0.239746 0.07238769 0.2285156 0.09277343 0.2285156 0.09277343 0.224121 0.07238769 0.224121 0.07238769 0.2197265 0.09277343 0.2285156 0.07238769 0.224121 0.09277343 0.224121 0.07238769 0.2197265 0.09277343 0.2197265 0.09277343 0.224121 0.1131591 0.2285156 0.09277343 0.2285156 0.09277343 0.224121 0.1131591 0.2285156 0.09277343 0.239746 0.09277343 0.2285156 0.09277343 0.2197265 0.1131591 0.224121 0.09277343 0.224121 0.1131591 0.2285156 0.09277343 0.224121 0.1131591 0.224121 0.1131591 0.224121 0.09277343 0.2197265 0.1131591 0.2197265 0.1336669 0.2197265 0.1131591 0.224121 0.1131591 0.2197265 0.1131591 0.224121 0.1336669 0.2197265 0.1336669 0.224121 0.1336669 0.224121 0.1131591 0.2285156 0.1131591 0.224121 0.1539306 0.2197265 0.1336669 0.224121 0.1336669 0.2197265 0.1336669 0.224121 0.1539306 0.2197265 0.1539306 0.224121 0.1743164 0.2197265 0.1539306 0.224121 0.1539306 0.2197265 0.1131591 0.2285156 0.1336669 0.224121 0.1336669 0.2285156 0.19458 0.2197265 0.19458 0.224121 0.1743164 0.2197265 0.1539306 0.2285156 0.1336669 0.224121 0.1539306 0.224121 0.1336669 0.224121 0.1539306 0.2285156 0.1336669 0.2285156 0.1539306 0.224121 0.1743164 0.2197265 0.1743164 0.224121 0.19458 0.224121 0.1743164 0.224121 0.1743164 0.2197265 0.1743164 0.224121 0.1539306 0.2285156 0.1539306 0.224121 0.19458 0.224121 0.1743164 0.2285156 0.1743164 0.224121 0.1539306 0.2285156 0.1743164 0.224121 0.1743164 0.2285156 0.1743164 0.2285156 0.19458 0.224121 0.19458 0.2285156 0.19458 0.2285156 0.1743164 0.239746 0.1743164 0.2285156 0.1743164 0.239746 0.1539306 0.2285156 0.1743164 0.2285156 0.1743164 0.239746 0.19458 0.2285156 0.19458 0.239746 0.19458 0.347168 0.1743164 0.239746 0.19458 0.239746 0.1539306 0.239746 0.1539306 0.2285156 0.1743164 0.239746 0.1539306 0.239746 0.1336669 0.2285156 0.1539306 0.2285156 0.1743164 0.239746 0.19458 0.347168 0.1743164 0.347168 0.1743164 0.347168 0.1539306 0.239746 0.1743164 0.239746 0.19458 0.3564453 0.1743164 0.347168 0.19458 0.347168 0.1336669 0.239746 0.1336669 0.2285156 0.1539306 0.239746 0.1336669 0.239746 0.1131591 0.2285156 0.1336669 0.2285156 0.1539306 0.347168 0.1539306 0.239746 0.1743164 0.347168 0.1539306 0.347168 0.1336669 0.239746 0.1539306 0.239746 0.1743164 0.347168 0.19458 0.3564453 0.1743164 0.3564453 0.1131591 0.239746 0.1131591 0.2285156 0.1336669 0.239746 0.09277343 0.239746 0.1131591 0.2285156 0.1131591 0.239746 0.19458 0.3564453 0.1743164 0.3637695 0.1743164 0.3564453 0.1743164 0.3637695 0.19458 0.3564453 0.19458 0.3637695 0.1539306 0.3564453 0.1743164 0.347168 0.1743164 0.3564453 0.1743164 0.3637695 0.1539306 0.3564453 0.1743164 0.3564453 0.1743164 0.347168 0.1539306 0.3564453 0.1539306 0.347168 0.1539306 0.3637695 0.1539306 0.3564453 0.1743164 0.3637695 0.1336669 0.3637695 0.1539306 0.3564453 0.1539306 0.3637695 0.1336669 0.347168 0.1336669 0.239746 0.1539306 0.347168 0.1539306 0.3564453 0.1336669 0.347168 0.1539306 0.347168 0.1336669 0.347168 0.1131591 0.239746 0.1336669 0.239746 0.1539306 0.3564453 0.1336669 0.3637695 0.1336669 0.3564453 0.1336669 0.3564453 0.1336669 0.347168 0.1539306 0.3564453 0.1131591 0.3637695 0.1336669 0.3564453 0.1336669 0.3637695 0.1131591 0.347168 0.1131591 0.239746 0.1336669 0.347168 0.1336669 0.3564453 0.1131591 0.3637695 0.1131591 0.3564453 0.1131591 0.3564453 0.1336669 0.347168 0.1336669 0.3564453 0.1336669 0.347168 0.1131591 0.3564453 0.1131591 0.347168 0.09277343 0.3637695 0.1131591 0.3564453 0.1131591 0.3637695 0.09277343 0.347168 0.1131591 0.239746 0.1131591 0.347168 0.1131591 0.3564453 0.09277343 0.347168 0.1131591 0.347168 0.1131591 0.239746 0.09277343 0.347168 0.09277343 0.239746 0.07238769 0.347168 0.09277343 0.239746 0.09277343 0.347168 0.09277343 0.347168 0.07238769 0.3564453 0.07238769 0.347168 0.1131591 0.3564453 0.09277343 0.3637695 0.09277343 0.3564453 0.09277343 0.3564453 0.09277343 0.347168 0.1131591 0.3564453 0.07238769 0.3564453 0.09277343 0.3564453 0.09277343 0.3637695 0.07238769 0.3564453 0.09277343 0.347168 0.09277343 0.3564453 0.251709 0.3862305 0.2714844 0.3930664 0.251709 0.3930664 0.2714844 0.3930664 0.251709 0.3862305 0.2714844 0.3862305 0.2714844 0.3862305 0.251709 0.3862305 0.2714844 0.3754883 0.2714844 0.3754883 0.251709 0.3862305 0.251709 0.3754883 0.251709 0.3657227 0.2714844 0.3754883 0.251709 0.3754883 0.2924805 0.3862305 0.2714844 0.3930664 0.2714844 0.3862305 0.2714844 0.3930664 0.2924805 0.3862305 0.2924805 0.3930664 0.2924805 0.3862305 0.314209 0.3930664 0.2924805 0.3930664 0.2714844 0.3754883 0.251709 0.3657227 0.2714844 0.3657227 0.251709 0.3579102 0.2714844 0.3657227 0.251709 0.3657227 0.2714844 0.3862305 0.2714844 0.3754883 0.2924805 0.3754883 0.2714844 0.3657227 0.2924805 0.3754883 0.2714844 0.3754883 0.2714844 0.3862305 0.2924805 0.3754883 0.2924805 0.3862305 0.2714844 0.3657227 0.251709 0.3579102 0.2714844 0.3579102 0.251709 0.3515625 0.2714844 0.3579102 0.251709 0.3579102 0.2714844 0.3579102 0.251709 0.3515625 0.2714844 0.3515625 0.2714844 0.3579102 0.2924805 0.3657227 0.2714844 0.3657227 0.2924805 0.3754883 0.2714844 0.3657227 0.2924805 0.3657227 0.2714844 0.3515625 0.2924805 0.3579102 0.2714844 0.3579102 0.2924805 0.3657227 0.2714844 0.3579102 0.2924805 0.3579102 0.2924805 0.3579102 0.2714844 0.3515625 0.2924805 0.3515625 0.314209 0.3657227 0.2924805 0.3754883 0.2924805 0.3657227 0.2924805 0.3579102 0.314209 0.3657227 0.2924805 0.3657227 0.2924805 0.3515625 0.314209 0.3579102 0.2924805 0.3579102 0.314209 0.3657227 0.2924805 0.3579102 0.314209 0.3579102 0.314209 0.3579102 0.2924805 0.3515625 0.314209 0.3515625 0.2924805 0.3754883 0.314209 0.3657227 0.314209 0.3754883 0.314209 0.3754883 0.2924805 0.3862305 0.2924805 0.3754883 0.314209 0.3515625 0.3364258 0.3579102 0.314209 0.3579102 0.3364258 0.3579102 0.314209 0.3515625 0.3364258 0.3515625 0.314209 0.3579102 0.3364258 0.3657227 0.314209 0.3657227 0.3364258 0.3657227 0.314209 0.3579102 0.3364258 0.3579102 0.314209 0.3657227 0.3364258 0.3754883 0.314209 0.3754883 0.3364258 0.3754883 0.314209 0.3657227 0.3364258 0.3657227 0.314209 0.3862305 0.2924805 0.3862305 0.314209 0.3754883 0.314209 0.3930664 0.2924805 0.3862305 0.314209 0.3862305 0.314209 0.3862305 0.3364258 0.3930664 0.314209 0.3930664 0.314209 0.3754883 0.3364258 0.3862305 0.314209 0.3862305 0.3364258 0.3930664 0.314209 0.3862305 0.3364258 0.3862305 0.3364258 0.3862305 0.314209 0.3754883 0.3364258 0.3754883 0.3364258 0.3862305 0.359375 0.3930664 0.3364258 0.3930664 0.359375 0.3930664 0.3364258 0.3862305 0.359375 0.3862305 0.3364258 0.3754883 0.359375 0.3862305 0.3364258 0.3862305 0.359375 0.3862305 0.3811035 0.3930664 0.359375 0.3930664 0.359375 0.3862305 0.3364258 0.3754883 0.359375 0.3754883 0.3364258 0.3657227 0.359375 0.3754883 0.3364258 0.3754883 0.3811035 0.3930664 0.359375 0.3862305 0.3811035 0.3862305 0.359375 0.3754883 0.3811035 0.3862305 0.359375 0.3862305 0.3811035 0.3862305 0.402832 0.3930664 0.3811035 0.3930664 0.359375 0.3754883 0.3364258 0.3657227 0.359375 0.3657227 0.3364258 0.3579102 0.359375 0.3657227 0.3364258 0.3657227 0.3811035 0.3862305 0.359375 0.3754883 0.3811035 0.3754883 0.359375 0.3657227 0.3811035 0.3754883 0.359375 0.3754883 0.402832 0.3930664 0.3811035 0.3862305 0.402832 0.3862305 0.402832 0.3862305 0.4240723 0.3930664 0.402832 0.3930664 0.4240723 0.3930664 0.402832 0.3862305 0.4240723 0.3862305 0.4240723 0.3862305 0.402832 0.3862305 0.4240723 0.3754883 0.402832 0.3862305 0.3811035 0.3862305 0.402832 0.3754883 0.4240723 0.3754883 0.402832 0.3862305 0.402832 0.3754883 0.402832 0.3754883 0.3811035 0.3862305 0.3811035 0.3754883 0.402832 0.3657227 0.4240723 0.3754883 0.402832 0.3754883 0.3811035 0.3754883 0.402832 0.3657227 0.402832 0.3754883 0.4240723 0.3754883 0.402832 0.3657227 0.4240723 0.3657227 0.3811035 0.3754883 0.3811035 0.3657227 0.402832 0.3657227 0.3811035 0.3754883 0.359375 0.3657227 0.3811035 0.3657227 0.402832 0.3579102 0.4240723 0.3657227 0.402832 0.3657227 0.402832 0.3579102 0.402832 0.3657227 0.3811035 0.3657227 0.4240723 0.3657227 0.402832 0.3579102 0.4240723 0.3579102 0.402832 0.3579102 0.4240723 0.3515625 0.4240723 0.3579102 0.4240723 0.3515625 0.402832 0.3579102 0.402832 0.3515625 0.402832 0.3515625 0.402832 0.3579102 0.3811035 0.3579102 0.3811035 0.3579102 0.402832 0.3579102 0.3811035 0.3657227 0.3811035 0.3515625 0.402832 0.3515625 0.3811035 0.3579102 0.3811035 0.3579102 0.359375 0.3515625 0.3811035 0.3515625 0.3811035 0.3657227 0.359375 0.3579102 0.3811035 0.3579102 0.359375 0.3515625 0.3811035 0.3579102 0.359375 0.3579102 0.359375 0.3579102 0.3811035 0.3657227 0.359375 0.3657227 0.359375 0.3579102 0.3364258 0.3515625 0.359375 0.3515625 0.359375 0.3657227 0.3364258 0.3579102 0.359375 0.3579102 0.3364258 0.3515625 0.359375 0.3579102 0.3364258 0.3579102 0.2687988 0.2089843 0.2976074 0.2133789 0.2719727 0.2236328 0.2719727 0.2236328 0.2410888 0.2133789 0.2687988 0.2089843 0.2976074 0.2133789 0.3100586 0.2231445 0.2719727 0.2236328 0.2410888 0.2133789 0.2719727 0.2236328 0.2304687 0.2226562 0.3100586 0.2231445 0.2988281 0.2329101 0.2719727 0.2236328 0.2430419 0.2324218 0.2304687 0.2226562 0.2719727 0.2236328 0.2712402 0.2363281 0.2719727 0.2236328 0.2988281 0.2329101 0.2719727 0.2236328 0.2712402 0.2363281 0.2430419 0.2324218 0.3215332 0.04980468 0.2719727 0.07373046 0.3156738 0.04541015 0.3776856 0.02783203 0.3215332 0.04980468 0.3156738 0.04541015 0.2719727 0.07373046 0.3215332 0.04980468 0.2800293 0.07666015 0.2800293 0.07666015 0.2531738 0.1079101 0.2719727 0.07373046 0.3215332 0.04980468 0.3776856 0.02783203 0.3803711 0.03271484 0.4484863 0.0234375 0.3803711 0.03271484 0.3776856 0.02783203 0.2531738 0.1079101 0.2800293 0.07666015 0.262207 0.1088867 0.262207 0.1088867 0.2619629 0.1435546 0.2531738 0.1079101 0.2800293 0.07666015 0.270752 0.1425781 0.262207 0.1088867 0.2619629 0.1435546 0.262207 0.1088867 0.270752 0.1425781 0.2800293 0.07666015 0.3041992 0.171875 0.270752 0.1425781 0.3041992 0.171875 0.2619629 0.1435546 0.270752 0.1425781 0.3215332 0.04980468 0.3041992 0.171875 0.2800293 0.07666015 0.2619629 0.1435546 0.3041992 0.171875 0.2973633 0.1743164 0.3041992 0.171875 0.3535156 0.196289 0.2973633 0.1743164 0.3215332 0.04980468 0.357666 0.192871 0.3041992 0.171875 0.3535156 0.196289 0.3041992 0.171875 0.357666 0.192871 0.3803711 0.03271484 0.357666 0.192871 0.3215332 0.04980468 0.4230957 0.2016601 0.3535156 0.196289 0.357666 0.192871 0.3803711 0.03271484 0.4230957 0.2016601 0.357666 0.192871 0.3535156 0.196289 0.4230957 0.2016601 0.4223633 0.2055664 0.4230957 0.2016601 0.3803711 0.03271484 0.4475098 0.02880859 0.3803711 0.03271484 0.4484863 0.0234375 0.4475098 0.02880859 0.4899902 0.1977539 0.4223633 0.2055664 0.4230957 0.2016601 0.4475098 0.02880859 0.4899902 0.1977539 0.4230957 0.2016601 0.4223633 0.2055664 0.4899902 0.1977539 0.4931641 0.2011718 0.4484863 0.0234375 0.5126953 0.03759765 0.4475098 0.02880859 0.4899902 0.1977539 0.4475098 0.02880859 0.5126953 0.03759765 0.5126953 0.03759765 0.4484863 0.0234375 0.5170899 0.03271484 0.5488281 0.180664 0.4931641 0.2011718 0.4899902 0.1977539 0.5126953 0.03759765 0.5488281 0.180664 0.4899902 0.1977539 0.4931641 0.2011718 0.5488281 0.180664 0.5551758 0.1835937 0.5170899 0.03271484 0.5664063 0.05859375 0.5126953 0.03759765 0.5488281 0.180664 0.5126953 0.03759765 0.5664063 0.05859375 0.5664063 0.05859375 0.5170899 0.03271484 0.5732422 0.0546875 0.6088867 0.0859375 0.5664063 0.05859375 0.5732422 0.0546875 0.590332 0.1538085 0.5551758 0.1835937 0.5488281 0.180664 0.5664063 0.05859375 0.590332 0.1538085 0.5488281 0.180664 0.5551758 0.1835937 0.590332 0.1538085 0.5986328 0.1557617 0.5664063 0.05859375 0.6088867 0.0859375 0.5996094 0.08789062 0.590332 0.1538085 0.5664063 0.05859375 0.5996094 0.08789062 0.6176758 0.1210937 0.5996094 0.08789062 0.6088867 0.0859375 0.590332 0.1538085 0.6176758 0.1210937 0.5986328 0.1557617 0.5996094 0.08789062 0.6083984 0.121582 0.590332 0.1538085 0.5996094 0.08789062 0.6176758 0.1210937 0.6083984 0.121582 0.6176758 0.1210937 0.590332 0.1538085 0.6083984 0.121582 0.7592774 0.9427185 0.7412109 0.9384155 0.7485352 0.9361572 0.734375 0.9289551 0.7485352 0.9361572 0.7412109 0.9384155 0.7592774 0.9427185 0.7485352 0.9361572 0.7626953 0.9396057 0.777832 0.9394226 0.7592774 0.9427185 0.7626953 0.9396057 0.7485352 0.9361572 0.734375 0.9289551 0.7426758 0.9278565 0.7431641 0.9199219 0.7426758 0.9278565 0.734375 0.9289551 0.777832 0.9394226 0.7626953 0.9396057 0.7724609 0.9378052 0.7426758 0.9278565 0.7431641 0.9199219 0.7485352 0.9215088 0.7788086 0.9315186 0.777832 0.9394226 0.7724609 0.9378052 0.777832 0.9394226 0.7788086 0.9315186 0.7866211 0.9304199 0.7724609 0.9378052 0.7626953 0.9396057 0.7651367 0.9358521 0.7651367 0.9358521 0.7788086 0.9315186 0.7724609 0.9378052 0.7485352 0.9361572 0.7651367 0.9358521 0.7626953 0.9396057 0.7729492 0.9232178 0.7866211 0.9304199 0.7788086 0.9315186 0.7866211 0.9304199 0.7729492 0.9232178 0.7802734 0.9210205 0.762207 0.916626 0.7802734 0.9210205 0.7729492 0.9232178 0.7788086 0.9315186 0.7651367 0.9358521 0.7709961 0.9281006 0.7729492 0.9232178 0.7788086 0.9315186 0.7709961 0.9281006 0.7651367 0.9358521 0.7485352 0.9361572 0.7504883 0.9312134 0.7504883 0.9312134 0.7709961 0.9281006 0.7651367 0.9358521 0.7485352 0.9361572 0.7426758 0.9278565 0.7504883 0.9312134 0.7504883 0.9312134 0.7558594 0.923523 0.7709961 0.9281006 0.7558594 0.923523 0.7504883 0.9312134 0.7426758 0.9278565 0.7558594 0.923523 0.7729492 0.9232178 0.7709961 0.9281006 0.7426758 0.9278565 0.7485352 0.9215088 0.7558594 0.923523 0.7729492 0.9232178 0.7558594 0.923523 0.7587891 0.9198608 0.7485352 0.9215088 0.7587891 0.9198608 0.7558594 0.923523 0.7729492 0.9232178 0.7587891 0.9198608 0.762207 0.916626 0.7431641 0.9199219 0.7587891 0.9198608 0.7485352 0.9215088 0.7587891 0.9198608 0.7431641 0.9199219 0.762207 0.916626 0.9223633 0.9181519 0.9453125 0.9164429 0.9423828 0.9210205 0.9624024 0.9241333 0.9423828 0.9210205 0.9453125 0.9164429 0.9223633 0.9181519 0.9423828 0.9210205 0.9262695 0.9222412 0.9423828 0.9210205 0.9624024 0.9241333 0.9545899 0.9263306 0.9155274 0.9282227 0.9223633 0.9181519 0.9262695 0.9222412 0.9223633 0.9181519 0.9155274 0.9282227 0.9067383 0.9268189 0.909668 0.938324 0.9067383 0.9268189 0.9155274 0.9282227 0.9433594 0.9260254 0.9262695 0.9222412 0.9423828 0.9210205 0.9423828 0.9210205 0.9545899 0.9263306 0.9433594 0.9260254 0.9155274 0.9282227 0.9262695 0.9222412 0.9257813 0.9269409 0.9433594 0.9260254 0.9257813 0.9269409 0.9262695 0.9222412 0.9179688 0.9361572 0.909668 0.938324 0.9155274 0.9282227 0.9179688 0.9361572 0.9155274 0.9282227 0.9257813 0.9269409 0.9296875 0.9414063 0.909668 0.938324 0.9179688 0.9361572 0.909668 0.938324 0.9296875 0.9414063 0.9272461 0.9460144 0.9179688 0.9361572 0.9257813 0.9269409 0.9277344 0.9358521 0.9296875 0.9414063 0.9179688 0.9361572 0.9277344 0.9358521 0.9296875 0.9414063 0.9501953 0.9444275 0.9272461 0.9460144 0.9277344 0.9358521 0.9257813 0.9269409 0.9453125 0.9349365 0.9453125 0.9349365 0.9296875 0.9414063 0.9277344 0.9358521 0.9257813 0.9269409 0.9433594 0.9260254 0.9453125 0.9349365 0.9545899 0.9263306 0.9453125 0.9349365 0.9433594 0.9260254 0.9501953 0.9444275 0.9296875 0.9414063 0.9458008 0.9403076 0.9296875 0.9414063 0.9453125 0.9349365 0.9458008 0.9403076 0.956543 0.9343262 0.9501953 0.9444275 0.9458008 0.9403076 0.956543 0.9343262 0.9458008 0.9403076 0.9453125 0.9349365 0.9453125 0.9349365 0.9545899 0.9263306 0.956543 0.9343262 0.9624024 0.9241333 0.956543 0.9343262 0.9545899 0.9263306 0.9501953 0.9444275 0.956543 0.9343262 0.9658203 0.93573 0.956543 0.9343262 0.9624024 0.9241333 0.9658203 0.93573</float_array>
          <technique_common>
            <accessor source="#SK_Checkpoint_md-mesh-map-0-array" count="4194" stride="2">
              <param name="S" type="float"/>
              <param name="T" type="float"/>
            </accessor>
          </technique_common>
        </source>
        <vertices id="SK_Checkpoint_md-mesh-vertices">
          <input semantic="POSITION" source="#SK_Checkpoint_md-mesh-positions"/>
        </vertices>
        <triangles material="MI_JF_Checkpoint_01-material" count="1398">
          <input semantic="VERTEX" source="#SK_Checkpoint_md-mesh-vertices" offset="0"/>
          <input semantic="NORMAL" source="#SK_Checkpoint_md-mesh-normals" offset="1"/>
          <input semantic="TEXCOORD" source="#SK_Checkpoint_md-mesh-map-0" offset="2" set="0"/>
          <p>0 0 0 1 1 1 2 2 2 2 2 3 1 1 4 3 3 5 2 2 6 3 3 7 4 4 8 4 4 9 3 3 10 5 5 11 4 4 12 5 5 13 6 6 14 6 6 15 7 7 16 4 4 17 7 7 18 6 6 19 8 8 20 6 6 21 9 9 22 8 8 23 8 8 24 9 9 25 10 10 26 10 10 27 9 9 28 11 11 29 12 12 30 10 10 31 11 11 32 10 10 33 12 12 34 13 13 35 14 14 36 13 13 37 12 12 38 13 13 39 14 14 40 15 15 41 15 15 42 14 14 43 16 16 44 14 14 45 17 17 46 16 16 47 18 18 48 16 16 49 17 17 50 16 16 51 18 18 52 19 19 53 19 19 54 18 18 55 20 20 56 20 20 57 21 21 58 19 19 59 22 22 60 21 21 61 20 20 62 21 21 63 22 22 64 23 23 65 22 22 66 24 24 67 23 23 68 24 24 69 22 22 70 25 25 71 24 24 72 25 25 73 26 26 74 26 26 75 25 25 76 27 27 77 28 28 78 26 26 79 27 27 80 26 26 81 28 28 82 29 29 83 30 30 84 29 29 85 28 28 86 29 29 87 30 30 88 31 31 89 31 31 90 30 30 91 0 0 92 30 30 93 1 1 94 0 0 95 32 32 96 33 32 97 34 32 98 32 32 99 34 32 100 35 32 101 35 32 102 34 32 103 36 32 104 35 32 105 36 32 106 37 32 107 37 32 108 36 32 109 38 32 110 37 32 111 38 32 112 39 32 113 39 32 114 38 32 115 40 32 116 39 32 117 40 32 118 41 32 119 41 32 120 40 32 121 42 32 122 41 32 123 42 32 124 43 32 125 43 32 126 42 32 127 44 32 128 43 32 129 44 32 130 45 32 131 45 32 132 44 32 133 46 32 134 45 32 135 46 32 136 47 32 137 47 32 138 46 32 139 48 32 140 47 32 141 48 32 142 49 32 143 48 32 144 50 32 145 49 32 146 50 32 147 48 32 148 51 32 149 51 32 150 52 32 151 50 32 152 52 32 153 51 32 154 53 32 155 53 32 156 54 32 157 52 32 158 54 32 159 53 32 160 55 32 161 55 32 162 56 32 163 54 32 164 56 32 165 55 32 166 57 32 167 58 33 168 59 33 169 60 33 170 61 33 171 60 33 172 59 33 173 61 33 174 62 33 175 60 33 176 62 33 177 61 33 178 63 33 179 63 33 180 64 33 181 62 33 182 64 33 183 63 33 184 65 33 185 65 33 186 66 33 187 64 33 188 66 33 189 65 33 190 67 33 191 67 33 192 68 33 193 66 33 194 68 33 195 67 33 196 69 33 197 69 33 198 70 33 199 68 33 200 70 33 201 69 33 202 71 33 203 71 33 204 72 33 205 70 33 206 72 33 207 71 33 208 73 33 209 73 33 210 74 33 211 72 33 212 74 33 213 73 33 214 75 33 215 74 33 216 75 33 217 76 33 218 74 33 219 76 33 220 77 33 221 77 33 222 76 33 223 78 33 224 77 33 225 78 33 226 79 33 227 79 33 228 78 33 229 80 33 230 79 33 231 80 33 232 81 33 233 81 33 234 80 33 235 82 33 236 81 33 237 82 33 238 83 33 239 84 34 240 85 35 241 86 36 242 85 35 243 84 34 244 87 37 245 85 35 246 87 37 247 88 38 248 89 39 249 88 38 250 87 37 251 88 38 252 89 39 253 90 40 254 90 40 255 89 39 256 91 41 257 92 42 258 93 43 259 94 44 260 95 45 261 93 43 262 92 42 263 95 45 264 96 46 265 93 43 266 96 46 267 95 45 268 97 47 269 96 46 270 97 47 271 98 48 272 98 48 273 97 47 274 99 49 275 100 50 276 101 51 277 102 52 278 101 51 279 100 50 280 103 53 281 104 54 282 103 53 283 100 50 284 103 53 285 104 54 286 105 55 287 106 56 288 105 55 289 104 54 290 105 55 291 106 56 292 107 57 293 108 58 294 109 59 295 110 60 296 109 59 297 108 58 298 111 61 299 112 62 300 109 59 301 111 61 302 109 59 303 112 62 304 113 63 305 113 63 306 112 62 307 114 64 308 114 64 309 112 62 310 115 65 311 116 66 312 117 67 313 118 68 314 117 67 315 116 66 316 119 69 317 116 66 318 120 70 319 119 69 320 120 70 321 116 66 322 121 71 323 122 72 324 120 70 325 121 71 326 120 70 327 122 72 328 123 73 329 124 74 330 125 75 331 126 76 332 127 77 333 125 75 334 124 74 335 128 78 336 125 75 337 127 77 338 128 78 339 129 79 340 125 75 341 129 79 342 128 78 343 130 80 344 130 80 345 128 78 346 131 81 347 132 82 348 133 83 349 134 84 350 135 85 351 133 83 352 132 82 353 133 83 354 135 85 355 136 86 356 136 86 357 137 87 358 133 83 359 137 87 360 136 86 361 138 88 362 138 88 363 136 86 364 139 89 365 140 90 366 141 91 367 142 92 368 142 92 369 141 91 370 143 93 371 143 93 372 144 94 373 142 92 374 145 95 375 143 93 376 141 91 377 143 93 378 146 96 379 144 94 380 145 95 381 147 97 382 143 93 383 148 98 384 144 94 385 146 96 386 144 94 387 148 98 388 149 99 389 143 93 390 150 100 391 146 96 392 150 100 393 143 93 394 147 97 395 150 100 396 148 98 397 146 96 398 145 95 399 151 101 400 147 97 401 151 101 402 150 100 403 147 97 404 151 101 405 145 95 406 152 102 407 153 103 408 152 102 409 154 104 410 152 102 411 153 103 412 151 101 413 155 105 414 151 101 415 153 103 416 151 101 417 155 105 418 150 100 419 153 103 420 156 106 421 155 105 422 157 107 423 155 105 424 156 106 425 158 108 426 150 100 427 155 105 428 155 105 429 157 107 430 158 108 431 150 100 432 158 108 433 159 109 434 150 100 435 159 109 436 148 98 437 160 110 438 158 108 439 157 107 440 160 110 441 157 107 442 161 111 443 162 112 444 160 110 445 161 111 446 158 108 447 163 113 448 159 109 449 158 108 450 160 110 451 163 113 452 163 113 453 148 98 454 159 109 455 160 110 456 162 112 457 164 114 458 164 114 459 163 113 460 160 110 461 148 98 462 163 113 463 165 115 464 165 115 465 149 99 466 148 98 467 149 99 468 165 115 469 166 116 470 165 115 471 167 117 472 166 116 473 163 113 474 167 117 475 165 115 476 167 117 477 168 118 478 166 116 479 169 119 480 168 118 481 167 117 482 163 113 483 164 114 484 170 120 485 163 113 486 170 120 487 167 117 488 169 119 489 167 117 490 171 121 491 171 121 492 172 122 493 169 119 494 173 123 495 167 117 496 170 120 497 167 117 498 173 123 499 171 121 500 164 114 501 173 123 502 170 120 503 171 121 504 174 124 505 172 122 506 173 123 507 174 124 508 171 121 509 174 124 510 140 90 511 172 122 512 174 124 513 141 91 514 140 90 515 174 124 516 145 95 517 141 91 518 145 95 519 174 124 520 175 125 521 173 123 522 175 125 523 174 124 524 145 95 525 175 125 526 176 126 527 173 123 528 176 126 529 175 125 530 176 126 531 152 102 532 145 95 533 164 114 534 177 127 535 173 123 536 176 126 537 173 123 538 177 127 539 177 127 540 164 114 541 162 112 542 177 127 543 162 112 544 178 128 545 179 129 546 177 127 547 178 128 548 177 127 549 179 129 550 176 126 551 152 102 552 176 126 553 179 129 554 179 129 555 154 104 556 152 102 557 122 72 558 121 71 559 180 130 560 180 130 561 121 71 562 181 131 563 182 132 564 180 130 565 181 131 566 121 71 567 183 133 568 181 131 569 183 133 570 121 71 571 116 66 572 182 132 573 181 131 574 184 134 575 116 66 576 185 135 577 183 133 578 185 135 579 116 66 580 118 68 581 186 136 582 181 131 583 183 133 584 181 131 585 186 136 586 184 134 587 187 137 588 183 133 589 185 135 590 183 133 591 187 137 592 186 136 593 118 68 594 188 138 595 185 135 596 187 137 597 185 135 598 188 138 599 188 138 600 118 68 601 117 67 602 188 138 603 117 67 604 119 69 605 189 139 606 182 132 607 184 134 608 186 136 609 189 139 610 184 134 611 182 132 612 189 139 613 190 140 614 189 139 615 191 141 616 190 140 617 192 142 618 189 139 619 186 136 620 187 137 621 192 142 622 186 136 623 191 141 624 189 139 625 193 143 626 192 142 627 193 143 628 189 139 629 193 143 630 194 144 631 191 141 632 195 145 633 192 142 634 187 137 635 194 144 636 193 143 637 196 146 638 196 146 639 197 147 640 194 144 641 193 143 642 192 142 643 198 148 644 195 145 645 198 148 646 192 142 647 196 146 648 193 143 649 199 149 650 198 148 651 199 149 652 193 143 653 197 147 654 196 146 655 200 150 656 200 150 657 124 74 658 197 147 659 124 74 660 200 150 661 127 77 662 201 151 663 200 150 664 196 146 665 201 151 666 127 77 667 200 150 668 196 146 669 199 149 670 201 151 671 127 77 672 201 151 673 128 78 674 202 152 675 128 78 676 201 151 677 202 152 678 201 151 679 199 149 680 128 78 681 202 152 682 131 81 683 199 149 684 203 153 685 202 152 686 199 149 687 198 148 688 203 153 689 204 154 690 131 81 691 202 152 692 203 153 693 204 154 694 202 152 695 131 81 696 204 154 697 130 80 698 129 79 699 130 80 700 204 154 701 205 155 702 203 153 703 198 148 704 198 148 705 195 145 706 205 155 707 205 155 708 206 156 709 203 153 710 204 154 711 203 153 712 206 156 713 195 145 714 207 157 715 205 155 716 206 156 717 205 155 718 207 157 719 204 154 720 208 158 721 129 79 722 208 158 723 125 75 724 129 79 725 209 159 726 204 154 727 206 156 728 204 154 729 209 159 730 208 158 731 210 160 732 206 156 733 207 157 734 206 156 735 210 160 736 209 159 737 207 157 738 195 145 739 211 161 740 211 161 741 210 160 742 207 157 743 195 145 744 212 162 745 211 161 746 195 145 747 187 137 748 212 162 749 187 137 750 188 138 751 212 162 752 210 160 753 211 161 754 213 163 755 212 162 756 213 163 757 211 161 758 214 164 759 209 159 760 210 160 761 213 163 762 214 164 763 210 160 764 188 138 765 215 165 766 212 162 767 213 163 768 212 162 769 215 165 770 215 165 771 188 138 772 216 166 773 188 138 774 119 69 775 216 166 776 215 165 777 217 167 778 213 163 779 214 164 780 213 163 781 217 167 782 119 69 783 218 168 784 216 166 785 215 165 786 216 166 787 218 168 788 218 168 789 119 69 790 120 70 791 123 73 792 218 168 793 120 70 794 215 165 795 218 168 796 219 169 797 217 167 798 215 165 799 219 169 800 220 170 801 218 168 802 123 73 803 219 169 804 218 168 805 220 170 806 180 130 807 123 73 808 122 72 809 123 73 810 180 130 811 220 170 812 182 132 813 220 170 814 180 130 815 219 169 816 220 170 817 221 171 818 220 170 819 182 132 820 221 171 821 222 172 822 219 169 823 221 171 824 222 172 825 221 171 826 182 132 827 219 169 828 222 172 829 217 167 830 222 172 831 182 132 832 190 140 833 223 173 834 217 167 835 222 172 836 190 140 837 223 173 838 222 172 839 217 167 840 223 173 841 214 164 842 223 173 843 190 140 844 191 141 845 194 144 846 223 173 847 191 141 848 223 173 849 224 174 850 214 164 851 209 159 852 214 164 853 224 174 854 224 174 855 208 158 856 209 159 857 223 173 858 194 144 859 225 175 860 224 174 861 223 173 862 225 175 863 197 147 864 225 175 865 194 144 866 208 158 867 224 174 868 226 176 869 225 175 870 226 176 871 224 174 872 208 158 873 226 176 874 125 75 875 226 176 876 126 76 877 125 75 878 225 175 879 197 147 880 227 177 881 226 176 882 225 175 883 227 177 884 226 176 885 227 177 886 126 76 887 124 74 888 227 177 889 197 147 890 124 74 891 126 76 892 227 177 893 110 60 894 228 178 895 108 58 896 229 179 897 228 178 898 110 60 899 109 59 900 229 179 901 110 60 902 230 180 903 228 178 904 229 179 905 228 178 906 230 180 907 231 181 908 232 182 909 229 179 910 109 59 911 232 182 912 230 180 913 229 179 914 113 63 915 232 182 916 109 59 917 233 183 918 231 181 919 230 180 920 231 181 921 233 183 922 234 184 923 235 185 924 232 182 925 113 63 926 113 63 927 114 64 928 235 185 929 236 186 930 234 184 931 233 183 932 234 184 933 236 186 934 237 187 935 236 186 936 238 188 937 237 187 938 230 180 939 239 189 940 233 183 941 239 189 942 236 186 943 233 183 944 230 180 945 232 182 946 240 190 947 239 189 948 230 180 949 240 190 950 232 182 951 241 191 952 240 190 953 241 191 954 232 182 955 235 185 956 240 190 957 242 192 958 239 189 959 242 192 960 240 190 961 241 191 962 236 186 963 239 189 964 243 193 965 244 194 966 242 192 967 241 191 968 235 185 969 244 194 970 241 191 971 245 195 972 239 189 973 242 192 974 239 189 975 245 195 976 243 193 977 244 194 978 235 185 979 246 196 980 235 185 981 114 64 982 246 196 983 114 64 984 247 197 985 246 196 986 247 197 987 244 194 988 246 196 989 247 197 990 114 64 991 115 65 992 242 192 993 244 194 994 248 198 995 248 198 996 245 195 997 242 192 998 244 194 999 247 197 1000 249 199 1001 249 199 1002 248 198 1003 244 194 1004 115 65 1005 250 200 1006 247 197 1007 250 200 1008 115 65 1009 112 62 1010 111 61 1011 250 200 1012 112 62 1013 247 197 1014 251 201 1015 249 199 1016 251 201 1017 247 197 1018 250 200 1019 252 202 1020 250 200 1021 111 61 1022 252 202 1023 251 201 1024 250 200 1025 228 178 1026 111 61 1027 108 58 1028 111 61 1029 228 178 1030 252 202 1031 228 178 1032 253 203 1033 252 202 1034 251 201 1035 252 202 1036 253 203 1037 253 203 1038 228 178 1039 231 181 1040 251 201 1041 254 204 1042 249 199 1043 248 198 1044 249 199 1045 254 204 1046 253 203 1047 255 205 1048 251 201 1049 254 204 1050 251 201 1051 255 205 1052 231 181 1053 256 206 1054 253 203 1055 255 205 1056 253 203 1057 256 206 1058 256 206 1059 231 181 1060 234 184 1061 256 206 1062 257 207 1063 255 205 1064 257 207 1065 254 204 1066 255 205 1067 234 184 1068 258 208 1069 256 206 1070 257 207 1071 256 206 1072 258 208 1073 258 208 1074 234 184 1075 237 187 1076 238 188 1077 258 208 1078 237 187 1079 254 204 1080 259 209 1081 248 198 1082 245 195 1083 248 198 1084 259 209 1085 258 208 1086 238 188 1087 260 210 1088 261 211 1089 238 188 1090 262 212 1091 238 188 1092 261 211 1093 260 210 1094 263 213 1095 258 208 1096 260 210 1097 261 211 1098 263 213 1099 260 210 1100 258 208 1101 263 213 1102 257 207 1103 263 213 1104 261 211 1105 264 214 1106 254 204 1107 257 207 1108 265 215 1109 263 213 1110 265 215 1111 257 207 1112 259 209 1113 254 204 1114 265 215 1115 264 214 1116 266 216 1117 263 213 1118 265 215 1119 263 213 1120 266 216 1121 266 216 1122 264 214 1123 267 217 1124 268 218 1125 266 216 1126 267 217 1127 265 215 1128 269 219 1129 259 209 1130 269 219 1131 265 215 1132 266 216 1133 266 216 1134 268 218 1135 269 219 1136 269 219 1137 245 195 1138 259 209 1139 270 220 1140 269 219 1141 268 218 1142 271 221 1143 269 219 1144 270 220 1145 245 195 1146 269 219 1147 271 221 1148 272 222 1149 271 221 1150 270 220 1151 273 223 1152 245 195 1153 271 221 1154 273 223 1155 271 221 1156 272 222 1157 245 195 1158 273 223 1159 243 193 1160 274 224 1161 273 223 1162 272 222 1163 275 225 1164 243 193 1165 273 223 1166 273 223 1167 274 224 1168 275 225 1169 243 193 1170 275 225 1171 236 186 1172 238 188 1173 236 186 1174 275 225 1175 274 224 1176 238 188 1177 275 225 1178 238 188 1179 274 224 1180 262 212 1181 276 226 1182 277 227 1183 278 228 1184 279 229 1185 277 227 1186 276 226 1187 280 230 1188 279 229 1189 276 226 1190 281 231 1191 277 227 1192 279 229 1193 277 227 1194 281 231 1195 282 232 1196 281 231 1197 283 233 1198 282 232 1199 279 229 1200 280 230 1201 284 234 1202 284 234 1203 281 231 1204 279 229 1205 285 235 1206 284 234 1207 280 230 1208 283 233 1209 281 231 1210 286 236 1211 286 236 1212 287 237 1213 283 233 1214 281 231 1215 284 234 1216 288 238 1217 288 238 1218 286 236 1219 281 231 1220 289 239 1221 284 234 1222 285 235 1223 284 234 1224 290 240 1225 288 238 1226 290 240 1227 284 234 1228 289 239 1229 286 236 1230 288 238 1231 291 241 1232 290 240 1233 291 241 1234 288 238 1235 285 235 1236 292 242 1237 289 239 1238 292 242 1239 290 240 1240 289 239 1241 292 242 1242 285 235 1243 293 243 1244 294 244 1245 292 242 1246 293 243 1247 291 241 1248 295 245 1249 286 236 1250 287 237 1251 286 236 1252 295 245 1253 296 246 1254 287 237 1255 297 247 1256 297 247 1257 287 237 1258 295 245 1259 298 248 1260 297 247 1261 295 245 1262 295 245 1263 291 241 1264 298 248 1265 297 247 1266 298 248 1267 299 249 1268 300 250 1269 299 249 1270 298 248 1271 301 251 1272 298 248 1273 291 241 1274 291 241 1275 290 240 1276 301 251 1277 300 250 1278 298 248 1279 302 252 1280 298 248 1281 301 251 1282 302 252 1283 303 253 1284 300 250 1285 302 252 1286 302 252 1287 301 251 1288 303 253 1289 300 250 1290 303 253 1291 304 254 1292 305 255 1293 304 254 1294 303 253 1295 306 256 1296 301 251 1297 290 240 1298 290 240 1299 292 242 1300 306 256 1301 303 253 1302 301 251 1303 307 257 1304 301 251 1305 306 256 1306 307 257 1307 305 255 1308 303 253 1309 308 258 1310 308 258 1311 309 259 1312 305 255 1313 310 260 1314 303 253 1315 307 257 1316 303 253 1317 310 260 1318 308 258 1319 306 256 1320 310 260 1321 307 257 1322 309 259 1323 308 258 1324 311 261 1325 308 258 1326 310 260 1327 311 261 1328 311 261 1329 312 262 1330 309 259 1331 310 260 1332 306 256 1333 313 263 1334 292 242 1335 313 263 1336 306 256 1337 311 261 1338 310 260 1339 314 264 1340 313 263 1341 314 264 1342 310 260 1343 313 263 1344 292 242 1345 315 265 1346 315 265 1347 292 242 1348 294 244 1349 314 264 1350 313 263 1351 316 266 1352 315 265 1353 316 266 1354 313 263 1355 294 244 1356 317 267 1357 315 265 1358 316 266 1359 315 265 1360 317 267 1361 317 267 1362 294 244 1363 318 268 1364 316 266 1365 319 269 1366 314 264 1367 319 269 1368 311 261 1369 314 264 1370 317 267 1371 320 270 1372 316 266 1373 319 269 1374 316 266 1375 320 270 1376 318 268 1377 321 271 1378 317 267 1379 320 270 1380 317 267 1381 321 271 1382 321 271 1383 318 268 1384 322 272 1385 322 272 1386 277 227 1387 321 271 1388 277 227 1389 322 272 1390 278 228 1391 277 227 1392 320 270 1393 321 271 1394 320 270 1395 277 227 1396 282 232 1397 283 233 1398 320 270 1399 282 232 1400 320 270 1401 283 233 1402 319 269 1403 287 237 1404 319 269 1405 283 233 1406 312 262 1407 287 237 1408 296 246 1409 319 269 1410 287 237 1411 323 273 1412 287 237 1413 312 262 1414 323 273 1415 311 261 1416 319 269 1417 323 273 1418 312 262 1419 311 261 1420 323 273 1421 324 274 1422 325 275 1423 326 276 1424 327 277 1425 325 275 1426 324 274 1427 328 278 1428 327 277 1429 324 274 1430 329 279 1431 325 275 1432 327 277 1433 325 275 1434 329 279 1435 330 280 1436 331 281 1437 327 277 1438 328 278 1439 327 277 1440 331 281 1441 329 279 1442 328 278 1443 332 282 1444 331 281 1445 332 282 1446 328 278 1447 333 283 1448 334 284 1449 329 279 1450 331 281 1451 333 283 1452 335 285 1453 332 282 1454 335 285 1455 333 283 1456 336 286 1457 337 287 1458 331 281 1459 332 282 1460 332 282 1461 335 285 1462 337 287 1463 331 281 1464 337 287 1465 334 284 1466 336 286 1467 338 288 1468 335 285 1469 338 288 1470 336 286 1471 339 289 1472 329 279 1473 334 284 1474 340 290 1475 340 290 1476 330 280 1477 329 279 1478 330 280 1479 340 290 1480 341 291 1481 342 292 1482 341 291 1483 340 290 1484 334 284 1485 343 293 1486 340 290 1487 334 284 1488 337 287 1489 343 293 1490 340 290 1491 344 294 1492 342 292 1493 344 294 1494 340 290 1495 343 293 1496 345 295 1497 342 292 1498 344 294 1499 337 287 1500 346 296 1501 343 293 1502 344 294 1503 347 297 1504 345 295 1505 343 293 1506 348 298 1507 344 294 1508 348 298 1509 343 293 1510 346 296 1511 344 294 1512 349 299 1513 347 297 1514 349 299 1515 344 294 1516 348 298 1517 350 300 1518 345 295 1519 347 297 1520 347 297 1521 349 299 1522 350 300 1523 345 295 1524 350 300 1525 351 301 1526 351 301 1527 352 302 1528 353 303 1529 352 302 1530 351 301 1531 350 300 1532 350 300 1533 354 304 1534 352 302 1535 354 304 1536 350 300 1537 349 299 1538 355 305 1539 352 302 1540 354 304 1541 354 304 1542 356 306 1543 355 305 1544 356 306 1545 354 304 1546 357 307 1547 357 307 1548 358 308 1549 356 306 1550 349 299 1551 359 309 1552 354 304 1553 357 307 1554 354 304 1555 359 309 1556 358 308 1557 357 307 1558 360 310 1559 360 310 1560 361 311 1561 358 308 1562 359 309 1563 362 312 1564 357 307 1565 360 310 1566 357 307 1567 362 312 1568 363 313 1569 359 309 1570 349 299 1571 363 313 1572 362 312 1573 359 309 1574 348 298 1575 363 313 1576 349 299 1577 346 296 1578 363 313 1579 348 298 1580 361 311 1581 360 310 1582 364 314 1583 363 313 1584 346 296 1585 365 315 1586 364 314 1587 360 310 1588 366 316 1589 362 312 1590 366 316 1591 360 310 1592 367 317 1593 361 311 1594 364 314 1595 366 316 1596 367 317 1597 364 314 1598 361 311 1599 367 317 1600 368 318 1601 367 317 1602 369 319 1603 368 318 1604 362 312 1605 363 313 1606 370 320 1607 365 315 1608 370 320 1609 363 313 1610 370 320 1611 371 321 1612 362 312 1613 365 315 1614 371 321 1615 370 320 1616 371 321 1617 366 316 1618 362 312 1619 372 322 1620 365 315 1621 346 296 1622 337 287 1623 372 322 1624 346 296 1625 335 285 1626 372 322 1627 337 287 1628 372 322 1629 373 323 1630 365 315 1631 371 321 1632 365 315 1633 373 323 1634 335 285 1635 374 324 1636 372 322 1637 373 323 1638 372 322 1639 374 324 1640 374 324 1641 335 285 1642 338 288 1643 373 323 1644 375 325 1645 371 321 1646 338 288 1647 376 326 1648 374 324 1649 339 289 1650 376 326 1651 338 288 1652 376 326 1653 339 289 1654 377 327 1655 377 327 1656 378 328 1657 376 326 1658 374 324 1659 379 329 1660 373 323 1661 375 325 1662 373 323 1663 379 329 1664 376 326 1665 380 330 1666 374 324 1667 379 329 1668 374 324 1669 380 330 1670 378 328 1671 381 331 1672 376 326 1673 325 275 1674 378 328 1675 326 276 1676 378 328 1677 325 275 1678 381 331 1679 382 332 1680 376 326 1681 381 331 1682 381 331 1683 325 275 1684 382 332 1685 376 326 1686 382 332 1687 380 330 1688 325 275 1689 330 280 1690 382 332 1691 383 333 1692 380 330 1693 382 332 1694 382 332 1695 330 280 1696 383 333 1697 380 330 1698 383 333 1699 379 329 1700 330 280 1701 341 291 1702 383 333 1703 342 292 1704 383 333 1705 341 291 1706 384 334 1707 379 329 1708 383 333 1709 383 333 1710 342 292 1711 384 334 1712 379 329 1713 384 334 1714 375 325 1715 345 295 1716 384 334 1717 342 292 1718 385 335 1719 375 325 1720 384 334 1721 385 335 1722 371 321 1723 375 325 1724 371 321 1725 385 335 1726 366 316 1727 367 317 1728 366 316 1729 385 335 1730 384 334 1731 345 295 1732 386 336 1733 384 334 1734 386 336 1735 385 335 1736 351 301 1737 386 336 1738 345 295 1739 385 335 1740 387 337 1741 367 317 1742 387 337 1743 385 335 1744 386 336 1745 386 336 1746 351 301 1747 387 337 1748 369 319 1749 367 317 1750 387 337 1751 387 337 1752 351 301 1753 369 319 1754 369 319 1755 351 301 1756 353 303 1757 388 338 1758 389 339 1759 390 340 1760 391 341 1761 388 338 1762 390 340 1763 391 341 1764 390 340 1765 392 342 1766 393 343 1767 388 338 1768 391 341 1769 388 338 1770 393 343 1771 394 344 1772 395 345 1773 391 341 1774 392 342 1775 393 343 1776 391 341 1777 395 345 1778 392 342 1779 396 346 1780 395 345 1781 397 347 1782 394 344 1783 393 343 1784 394 344 1785 397 347 1786 398 348 1787 399 349 1788 398 348 1789 397 347 1790 400 350 1791 393 343 1792 395 345 1793 397 347 1794 393 343 1795 400 350 1796 401 351 1797 395 345 1798 396 346 1799 402 352 1800 399 349 1801 397 347 1802 402 352 1803 403 353 1804 399 349 1805 403 353 1806 402 352 1807 404 354 1808 405 355 1809 404 354 1810 402 352 1811 397 347 1812 405 355 1813 402 352 1814 404 354 1815 405 355 1816 406 356 1817 400 350 1818 407 357 1819 397 347 1820 405 355 1821 397 347 1822 407 357 1823 395 345 1824 408 358 1825 400 350 1826 407 357 1827 400 350 1828 408 358 1829 408 358 1830 395 345 1831 401 351 1832 405 355 1833 407 357 1834 409 359 1835 408 358 1836 409 359 1837 407 357 1838 410 360 1839 406 356 1840 405 355 1841 410 360 1842 405 355 1843 409 359 1844 406 356 1845 410 360 1846 411 361 1847 412 362 1848 411 361 1849 410 360 1850 409 359 1851 412 362 1852 410 360 1853 411 361 1854 412 362 1855 413 363 1856 412 362 1857 414 364 1858 413 363 1859 408 358 1860 415 365 1861 409 359 1862 412 362 1863 409 359 1864 415 365 1865 414 364 1866 412 362 1867 416 366 1868 416 366 1869 417 367 1870 414 364 1871 416 366 1872 412 362 1873 418 368 1874 415 365 1875 418 368 1876 412 362 1877 416 366 1878 419 369 1879 417 367 1880 418 368 1881 419 369 1882 416 366 1883 419 369 1884 420 370 1885 417 367 1886 421 371 1887 418 368 1888 415 365 1889 420 370 1890 419 369 1891 422 372 1892 422 372 1893 403 353 1894 420 370 1895 422 372 1896 399 349 1897 403 353 1898 419 369 1899 418 368 1900 423 373 1901 421 371 1902 423 373 1903 418 368 1904 422 372 1905 419 369 1906 424 374 1907 424 374 1908 399 349 1909 422 372 1910 419 369 1911 423 373 1912 424 374 1913 399 349 1914 424 374 1915 398 348 1916 425 375 1917 424 374 1918 423 373 1919 423 373 1920 421 371 1921 425 375 1922 426 376 1923 398 348 1924 424 374 1925 424 374 1926 425 375 1927 426 376 1928 398 348 1929 426 376 1930 394 344 1931 394 344 1932 426 376 1933 388 338 1934 427 377 1935 426 376 1936 425 375 1937 425 375 1938 421 371 1939 427 377 1940 426 376 1941 428 378 1942 388 338 1943 426 376 1944 427 377 1945 428 378 1946 429 379 1947 388 338 1948 428 378 1949 388 338 1950 429 379 1951 389 339 1952 428 378 1953 427 377 1954 429 379 1955 430 380 1956 429 379 1957 427 377 1958 427 377 1959 431 381 1960 430 380 1961 431 381 1962 427 377 1963 432 382 1964 421 371 1965 432 382 1966 427 377 1967 432 382 1968 433 383 1969 431 381 1970 421 371 1971 433 383 1972 432 382 1973 434 384 1974 431 381 1975 433 383 1976 433 383 1977 396 346 1978 434 384 1979 396 346 1980 433 383 1981 401 351 1982 408 358 1983 401 351 1984 433 383 1985 433 383 1986 421 371 1987 435 385 1988 435 385 1989 408 358 1990 433 383 1991 415 365 1992 435 385 1993 421 371 1994 415 365 1995 408 358 1996 435 385 1997 436 386 1998 137 87 1999 138 88 2000 436 386 2001 437 387 2002 137 87 2003 437 387 2004 133 83 2005 137 87 2006 436 386 2007 438 388 2008 437 387 2009 438 388 2010 436 386 2011 439 389 2012 437 387 2013 440 390 2014 133 83 2015 134 84 2016 133 83 2017 440 390 2018 441 391 2019 437 387 2020 438 388 2021 437 387 2022 441 391 2023 440 390 2024 439 389 2025 442 392 2026 438 388 2027 441 391 2028 438 388 2029 442 392 2030 442 392 2031 439 389 2032 443 393 2033 444 394 2034 442 392 2035 443 393 2036 440 390 2037 445 395 2038 134 84 2039 444 394 2040 446 396 2041 442 392 2042 447 397 2043 446 396 2044 444 394 2045 440 390 2046 448 398 2047 445 395 2048 448 398 2049 440 390 2050 441 391 2051 449 399 2052 134 84 2053 445 395 2054 449 399 2055 445 395 2056 448 398 2057 134 84 2058 449 399 2059 132 82 2060 450 400 2061 447 397 2062 451 401 2063 452 402 2064 132 82 2065 449 399 2066 132 82 2067 452 402 2068 135 85 2069 447 397 2070 450 400 2071 453 403 2072 447 397 2073 453 403 2074 446 396 2075 454 404 2076 453 403 2077 450 400 2078 454 404 2079 446 396 2080 453 403 2081 454 404 2082 450 400 2083 455 405 2084 446 396 2085 454 404 2086 456 406 2087 456 406 2088 442 392 2089 446 396 2090 455 405 2091 457 407 2092 454 404 2093 457 407 2094 455 405 2095 458 408 2096 442 392 2097 456 406 2098 459 409 2099 459 409 2100 441 391 2101 442 392 2102 454 404 2103 460 410 2104 456 406 2105 460 410 2106 459 409 2107 456 406 2108 454 404 2109 457 407 2110 460 410 2111 461 411 2112 441 391 2113 459 409 2114 459 409 2115 460 410 2116 461 411 2117 441 391 2118 461 411 2119 448 398 2120 462 412 2121 460 410 2122 457 407 2123 462 412 2124 457 407 2125 458 408 2126 458 408 2127 463 413 2128 462 412 2129 464 414 2130 462 412 2131 463 413 2132 465 415 2133 461 411 2134 460 410 2135 460 410 2136 462 412 2137 465 415 2138 466 416 2139 448 398 2140 461 411 2141 466 416 2142 449 399 2143 448 398 2144 467 417 2145 466 416 2146 461 411 2147 461 411 2148 465 415 2149 467 417 2150 468 418 2151 449 399 2152 466 416 2153 466 416 2154 467 417 2155 468 418 2156 449 399 2157 468 418 2158 452 402 2159 465 415 2160 469 419 2161 467 417 2162 469 419 2163 468 418 2164 467 417 2165 462 412 2166 470 420 2167 465 415 2168 465 415 2169 470 420 2170 469 419 2171 462 412 2172 471 421 2173 470 420 2174 462 412 2175 464 414 2176 471 421 2177 472 422 2178 471 421 2179 464 414 2180 472 422 2181 470 420 2182 471 421 2183 472 422 2184 464 414 2185 473 423 2186 474 424 2187 472 422 2188 473 423 2189 475 425 2190 469 419 2191 470 420 2192 470 420 2193 472 422 2194 475 425 2195 447 397 2196 474 424 2197 451 401 2198 472 422 2199 474 424 2200 476 426 2201 447 397 2202 476 426 2203 474 424 2204 472 422 2205 476 426 2206 477 427 2207 447 397 2208 477 427 2209 476 426 2210 472 422 2211 477 427 2212 475 425 2213 477 427 2214 447 397 2215 444 394 2216 444 394 2217 478 428 2218 477 427 2219 475 425 2220 477 427 2221 478 428 2222 478 428 2223 444 394 2224 443 393 2225 469 419 2226 475 425 2227 479 429 2228 475 425 2229 478 428 2230 479 429 2231 479 429 2232 468 418 2233 469 419 2234 443 393 2235 480 430 2236 478 428 2237 478 428 2238 480 430 2239 479 429 2240 480 430 2241 443 393 2242 439 389 2243 436 386 2244 480 430 2245 439 389 2246 468 418 2247 479 429 2248 481 431 2249 479 429 2250 480 430 2251 481 431 2252 480 430 2253 436 386 2254 482 432 2255 482 432 2256 481 431 2257 480 430 2258 139 89 2259 436 386 2260 138 88 2261 436 386 2262 139 89 2263 482 432 2264 468 418 2265 481 431 2266 483 433 2267 481 431 2268 482 432 2269 483 433 2270 483 433 2271 482 432 2272 139 89 2273 468 418 2274 483 433 2275 452 402 2276 483 433 2277 139 89 2278 136 86 2279 483 433 2280 135 85 2281 452 402 2282 135 85 2283 483 433 2284 136 86 2285 484 434 2286 485 435 2287 486 436 2288 485 435 2289 484 434 2290 487 437 2291 487 437 2292 488 438 2293 485 435 2294 489 439 2295 487 437 2296 484 434 2297 489 439 2298 484 434 2299 490 440 2300 491 441 2301 489 439 2302 490 440 2303 488 438 2304 487 437 2305 492 442 2306 489 439 2307 491 441 2308 493 443 2309 494 444 2310 488 438 2311 492 442 2312 488 438 2313 494 444 2314 495 445 2315 496 446 2316 492 442 2317 487 437 2318 496 446 2319 487 437 2320 489 439 2321 496 446 2322 494 444 2323 492 442 2324 497 447 2325 489 439 2326 493 443 2327 497 447 2328 496 446 2329 489 439 2330 498 448 2331 493 443 2332 491 441 2333 491 441 2334 499 449 2335 498 448 2336 500 450 2337 498 448 2338 499 449 2339 501 451 2340 497 447 2341 493 443 2342 493 443 2343 498 448 2344 501 451 2345 502 452 2346 496 446 2347 497 447 2348 501 451 2349 502 452 2350 497 447 2351 498 448 2352 500 450 2353 503 453 2354 496 446 2355 502 452 2356 504 454 2357 494 444 2358 496 446 2359 504 454 2360 505 455 2361 498 448 2362 503 453 2363 505 455 2364 501 451 2365 498 448 2366 506 456 2367 503 453 2368 500 450 2369 506 456 2370 505 455 2371 503 453 2372 506 456 2373 500 450 2374 507 457 2375 508 458 2376 506 456 2377 507 457 2378 485 435 2379 508 458 2380 486 436 2381 506 456 2382 508 458 2383 509 459 2384 485 435 2385 509 459 2386 508 458 2387 505 455 2388 506 456 2389 510 460 2390 509 459 2391 510 460 2392 506 456 2393 485 435 2394 511 461 2395 509 459 2396 510 460 2397 509 459 2398 511 461 2399 511 461 2400 485 435 2401 488 438 2402 510 460 2403 512 462 2404 505 455 2405 512 462 2406 501 451 2407 505 455 2408 511 461 2409 513 463 2410 510 460 2411 512 462 2412 510 460 2413 513 463 2414 488 438 2415 514 464 2416 511 461 2417 513 463 2418 511 461 2419 514 464 2420 514 464 2421 488 438 2422 495 445 2423 501 451 2424 512 462 2425 515 465 2426 502 452 2427 501 451 2428 515 465 2429 495 445 2430 516 466 2431 514 464 2432 516 466 2433 495 445 2434 517 467 2435 518 468 2436 516 466 2437 517 467 2438 515 465 2439 519 469 2440 502 452 2441 512 462 2442 519 469 2443 515 465 2444 520 470 2445 518 468 2446 521 471 2447 519 469 2448 512 462 2449 522 472 2450 513 463 2451 522 472 2452 512 462 2453 523 473 2454 518 468 2455 520 470 2456 516 466 2457 518 468 2458 523 473 2459 514 464 2460 524 474 2461 513 463 2462 524 474 2463 514 464 2464 516 466 2465 523 473 2466 524 474 2467 516 466 2468 522 472 2469 513 463 2470 524 474 2471 520 470 2472 525 475 2473 523 473 2474 524 474 2475 523 473 2476 525 475 2477 525 475 2478 522 472 2479 524 474 2480 525 475 2481 520 470 2482 526 476 2483 525 475 2484 526 476 2485 527 477 2486 522 472 2487 525 475 2488 528 478 2489 525 475 2490 527 477 2491 528 478 2492 528 478 2493 529 479 2494 522 472 2495 527 477 2496 529 479 2497 528 478 2498 529 479 2499 519 469 2500 522 472 2501 529 479 2502 527 477 2503 530 480 2504 529 479 2505 531 481 2506 519 469 2507 531 481 2508 502 452 2509 519 469 2510 530 480 2511 532 482 2512 529 479 2513 531 481 2514 529 479 2515 532 482 2516 532 482 2517 530 480 2518 533 483 2519 504 454 2520 502 452 2521 531 481 2522 533 483 2523 534 484 2524 532 482 2525 532 482 2526 534 484 2527 531 481 2528 534 484 2529 533 483 2530 535 485 2531 536 486 2532 504 454 2533 531 481 2534 534 484 2535 536 486 2536 531 481 2537 494 444 2538 504 454 2539 536 486 2540 537 487 2541 534 484 2542 535 485 2543 538 488 2544 494 444 2545 536 486 2546 534 484 2547 538 488 2548 536 486 2549 538 488 2550 495 445 2551 494 444 2552 517 467 2553 495 445 2554 538 488 2555 518 468 2556 517 467 2557 538 488 2558 539 489 2559 534 484 2560 537 487 2561 538 488 2562 534 484 2563 539 489 2564 539 489 2565 518 468 2566 538 488 2567 537 487 2568 521 471 2569 539 489 2570 539 489 2571 521 471 2572 518 468 2573 540 490 2574 96 46 2575 98 48 2576 96 46 2577 540 490 2578 541 491 2579 542 492 2580 541 491 2581 540 490 2582 543 493 2583 96 46 2584 541 491 2585 96 46 2586 543 493 2587 93 43 2588 541 491 2589 542 492 2590 544 494 2591 541 491 2592 544 494 2593 543 493 2594 545 495 2595 544 494 2596 542 492 2597 94 44 2598 93 43 2599 543 493 2600 544 494 2601 545 495 2602 546 496 2603 547 497 2604 546 496 2605 545 495 2606 548 498 2607 94 44 2608 543 493 2609 547 497 2610 106 56 2611 104 54 2612 543 493 2613 549 499 2614 548 498 2615 549 499 2616 543 493 2617 544 494 2618 547 497 2619 104 54 2620 550 500 2621 546 496 2622 547 497 2623 550 500 2624 104 54 2625 551 501 2626 550 500 2627 551 501 2628 546 496 2629 550 500 2630 551 501 2631 104 54 2632 100 50 2633 102 52 2634 551 501 2635 100 50 2636 544 494 2637 546 496 2638 552 502 2639 544 494 2640 552 502 2641 553 503 2642 549 499 2643 544 494 2644 553 503 2645 546 496 2646 554 504 2647 552 502 2648 546 496 2649 551 501 2650 554 504 2651 555 505 2652 549 499 2653 553 503 2654 554 504 2655 556 506 2656 552 502 2657 555 505 2658 557 507 2659 549 499 2660 557 507 2661 548 498 2662 549 499 2663 556 506 2664 554 504 2665 558 508 2666 551 501 2667 558 508 2668 554 504 2669 555 505 2670 559 509 2671 557 507 2672 559 509 2673 555 505 2674 560 510 2675 557 507 2676 561 511 2677 548 498 2678 561 511 2679 557 507 2680 559 509 2681 561 511 2682 94 44 2683 548 498 2684 94 44 2685 561 511 2686 92 42 2687 561 511 2688 95 45 2689 92 42 2690 560 510 2691 562 512 2692 559 509 2693 562 512 2694 561 511 2695 559 509 2696 562 512 2697 560 510 2698 563 513 2699 95 45 2700 561 511 2701 564 514 2702 561 511 2703 562 512 2704 564 514 2705 565 515 2706 562 512 2707 563 513 2708 565 515 2709 564 514 2710 562 512 2711 566 516 2712 565 515 2713 563 513 2714 567 517 2715 95 45 2716 564 514 2717 564 514 2718 565 515 2719 567 517 2720 95 45 2721 567 517 2722 97 47 2723 567 517 2724 99 49 2725 97 47 2726 99 49 2727 540 490 2728 98 48 2729 99 49 2730 567 517 2731 568 518 2732 540 490 2733 99 49 2734 568 518 2735 567 517 2736 569 519 2737 568 518 2738 569 519 2739 540 490 2740 568 518 2741 569 519 2742 567 517 2743 565 515 2744 540 490 2745 569 519 2746 542 492 2747 569 519 2748 545 495 2749 542 492 2750 545 495 2751 569 519 2752 570 520 2753 565 515 2754 570 520 2755 569 519 2756 570 520 2757 547 497 2758 545 495 2759 570 520 2760 565 515 2761 571 521 2762 571 521 2763 565 515 2764 566 516 2765 570 520 2766 572 522 2767 547 497 2768 547 497 2769 107 57 2770 106 56 2771 107 57 2772 547 497 2773 572 522 2774 570 520 2775 573 523 2776 572 522 2777 573 523 2778 107 57 2779 572 522 2780 573 523 2781 570 520 2782 571 521 2783 573 523 2784 105 55 2785 107 57 2786 573 523 2787 103 53 2788 105 55 2789 571 521 2790 574 524 2791 573 523 2792 103 53 2793 573 523 2794 574 524 2795 566 516 2796 575 525 2797 571 521 2798 574 524 2799 571 521 2800 575 525 2801 576 526 2802 575 525 2803 566 516 2804 577 527 2805 103 53 2806 574 524 2807 575 525 2808 577 527 2809 574 524 2810 577 527 2811 101 51 2812 103 53 2813 576 526 2814 578 528 2815 575 525 2816 577 527 2817 575 525 2818 578 528 2819 556 506 2820 578 528 2821 576 526 2822 577 527 2823 102 52 2824 101 51 2825 556 506 2826 558 508 2827 578 528 2828 558 508 2829 577 527 2830 578 528 2831 102 52 2832 577 527 2833 579 529 2834 558 508 2835 579 529 2836 577 527 2837 579 529 2838 551 501 2839 102 52 2840 558 508 2841 551 501 2842 579 529 2843 580 530 2844 581 531 2845 582 532 2846 583 533 2847 581 531 2848 580 530 2849 584 534 2850 581 531 2851 583 533 2852 581 531 2853 584 534 2854 585 535 2855 580 530 2856 586 536 2857 583 533 2858 586 536 2859 584 534 2860 583 533 2861 586 536 2862 580 530 2863 587 537 2864 588 538 2865 586 536 2866 587 537 2867 589 539 2868 585 535 2869 584 534 2870 585 535 2871 589 539 2872 590 540 2873 589 539 2874 591 541 2875 590 540 2876 584 534 2877 586 536 2878 592 542 2879 593 543 2880 591 541 2881 589 539 2882 591 541 2883 593 543 2884 86 36 2885 84 34 2886 86 36 2887 593 543 2888 584 534 2889 594 544 2890 589 539 2891 594 544 2892 593 543 2893 589 539 2894 594 544 2895 584 534 2896 592 542 2897 595 545 2898 84 34 2899 593 543 2900 593 543 2901 594 544 2902 595 545 2903 84 34 2904 595 545 2905 87 37 2906 595 545 2907 89 39 2908 87 37 2909 596 546 2910 594 544 2911 592 542 2912 586 536 2913 596 546 2914 592 542 2915 597 547 2916 595 545 2917 594 544 2918 594 544 2919 596 546 2920 597 547 2921 89 39 2922 595 545 2923 598 548 2924 598 548 2925 595 545 2926 597 547 2927 598 548 2928 599 549 2929 89 39 2930 597 547 2931 599 549 2932 598 548 2933 89 39 2934 599 549 2935 91 41 2936 599 549 2937 90 40 2938 91 41 2939 596 546 2940 586 536 2941 600 550 2942 600 550 2943 586 536 2944 588 538 2945 90 40 2946 599 549 2947 601 551 2948 601 551 2949 88 38 2950 90 40 2951 588 538 2952 602 552 2953 600 550 2954 602 552 2955 596 546 2956 600 550 2957 602 552 2958 588 538 2959 603 553 2960 604 554 2961 602 552 2962 603 553 2963 596 546 2964 602 552 2965 605 555 2966 605 555 2967 597 547 2968 596 546 2969 602 552 2970 604 554 2971 606 556 2972 607 557 2973 606 556 2974 604 554 2975 597 547 2976 605 555 2977 608 558 2978 599 549 2979 597 547 2980 608 558 2981 602 552 2982 609 559 2983 605 555 2984 609 559 2985 608 558 2986 605 555 2987 609 559 2988 602 552 2989 606 556 2990 610 560 2991 599 549 2992 608 558 2993 608 558 2994 609 559 2995 610 560 2996 599 549 2997 610 560 2998 601 551 2999 606 556 3000 607 557 3001 611 561 3002 611 561 3003 609 559 3004 606 556 3005 612 562 3006 611 561 3007 607 557 3008 613 563 3009 610 560 3010 609 559 3011 609 559 3012 611 561 3013 613 563 3014 611 561 3015 612 562 3016 614 564 3017 582 532 3018 614 564 3019 612 562 3020 614 564 3021 582 532 3022 581 531 3023 615 565 3024 611 561 3025 614 564 3026 581 531 3027 615 565 3028 614 564 3029 611 561 3030 615 565 3031 613 563 3032 615 565 3033 581 531 3034 585 535 3035 590 540 3036 615 565 3037 585 535 3038 615 565 3039 590 540 3040 616 566 3041 616 566 3042 613 563 3043 615 565 3044 591 541 3045 616 566 3046 590 540 3047 613 563 3048 616 566 3049 617 567 3050 610 560 3051 613 563 3052 617 567 3053 616 566 3054 591 541 3055 618 568 3056 619 569 3057 610 560 3058 617 567 3059 616 566 3060 619 569 3061 617 567 3062 618 568 3063 619 569 3064 616 566 3065 610 560 3066 619 569 3067 601 551 3068 88 38 3069 601 551 3070 619 569 3071 619 569 3072 85 35 3073 88 38 3074 85 35 3075 619 569 3076 618 568 3077 591 541 3078 85 35 3079 618 568 3080 85 35 3081 591 541 3082 86 36 3083 620 570 3084 621 571 3085 622 572 3086 621 571 3087 620 570 3088 623 573 3089 620 570 3090 624 574 3091 623 573 3092 624 574 3093 620 570 3094 625 575 3095 623 573 3096 626 576 3097 621 571 3098 626 576 3099 623 573 3100 624 574 3101 627 577 3102 621 571 3103 626 576 3104 626 576 3105 628 578 3106 627 577 3107 625 575 3108 629 579 3109 624 574 3110 629 579 3111 625 575 3112 630 580 3113 631 581 3114 629 579 3115 630 580 3116 632 582 3117 631 581 3118 633 583 3119 629 579 3120 631 581 3121 634 584 3122 631 581 3123 632 582 3124 634 584 3125 632 582 3126 635 585 3127 634 584 3128 635 585 3129 629 579 3130 634 584 3131 635 585 3132 632 582 3133 636 586 3134 637 587 3135 635 585 3136 636 586 3137 638 588 3138 624 574 3139 629 579 3140 629 579 3141 635 585 3142 638 588 3143 624 574 3144 638 588 3145 639 589 3146 626 576 3147 624 574 3148 639 589 3149 635 585 3150 640 590 3151 638 588 3152 640 590 3153 639 589 3154 638 588 3155 635 585 3156 637 587 3157 641 591 3158 640 590 3159 635 585 3160 641 591 3161 641 591 3162 637 587 3163 642 592 3164 642 592 3165 640 590 3166 641 591 3167 642 592 3168 637 587 3169 643 593 3170 644 594 3171 642 592 3172 643 593 3173 639 589 3174 640 590 3175 645 595 3176 645 595 3177 626 576 3178 639 589 3179 640 590 3180 642 592 3181 646 596 3182 646 596 3183 645 595 3184 640 590 3185 642 592 3186 644 594 3187 647 597 3188 626 576 3189 645 595 3190 648 598 3191 628 578 3192 626 576 3193 648 598 3194 649 599 3195 642 592 3196 647 597 3197 646 596 3198 642 592 3199 649 599 3200 648 598 3201 650 600 3202 628 578 3203 650 600 3204 648 598 3205 645 595 3206 651 601 3207 628 578 3208 650 600 3209 645 595 3210 646 596 3211 652 602 3212 650 600 3213 645 595 3214 652 602 3215 650 600 3216 653 603 3217 651 601 3218 652 602 3219 646 596 3220 654 604 3221 654 604 3222 650 600 3223 652 602 3224 649 599 3225 654 604 3226 646 596 3227 653 603 3228 650 600 3229 655 605 3230 650 600 3231 654 604 3232 655 605 3233 655 605 3234 656 606 3235 653 603 3236 654 604 3237 656 606 3238 655 605 3239 653 603 3240 656 606 3241 657 607 3242 656 606 3243 658 608 3244 657 607 3245 649 599 3246 659 609 3247 654 604 3248 656 606 3249 654 604 3250 659 609 3251 658 608 3252 620 570 3253 622 572 3254 658 608 3255 656 606 3256 660 610 3257 660 610 3258 620 570 3259 658 608 3260 656 606 3261 661 611 3262 660 610 3263 661 611 3264 620 570 3265 660 610 3266 661 611 3267 656 606 3268 659 609 3269 620 570 3270 661 611 3271 625 575 3272 662 612 3273 661 611 3274 659 609 3275 662 612 3276 659 609 3277 649 599 3278 663 613 3279 625 575 3280 661 611 3281 661 611 3282 662 612 3283 663 613 3284 625 575 3285 663 613 3286 630 580 3287 663 613 3288 631 581 3289 630 580 3290 649 599 3291 664 614 3292 662 612 3293 662 612 3294 664 614 3295 663 613 3296 664 614 3297 649 599 3298 647 597 3299 664 614 3300 647 597 3301 644 594 3302 664 614 3303 644 594 3304 665 615 3305 666 616 3306 664 614 3307 665 615 3308 631 581 3309 666 616 3310 633 583 3311 664 614 3312 666 616 3313 667 617 3314 666 616 3315 631 581 3316 667 617 3317 663 613 3318 664 614 3319 667 617 3320 631 581 3321 663 613 3322 667 617 3323 668 618 3324 669 619 3325 670 620 3326 669 619 3327 668 618 3328 671 621 3329 668 618 3330 672 622 3331 671 621 3332 672 622 3333 668 618 3334 673 623 3335 674 624 3336 669 619 3337 671 621 3338 669 619 3339 674 624 3340 675 625 3341 674 624 3342 676 626 3343 675 625 3344 677 627 3345 671 621 3346 672 622 3347 671 621 3348 677 627 3349 674 624 3350 673 623 3351 678 628 3352 672 622 3353 678 628 3354 673 623 3355 679 629 3356 680 630 3357 678 628 3358 679 629 3359 672 622 3360 681 631 3361 677 627 3362 681 631 3363 672 622 3364 678 628 3365 678 628 3366 680 630 3367 682 632 3368 683 633 3369 682 632 3370 680 630 3371 678 628 3372 684 634 3373 681 631 3374 684 634 3375 678 628 3376 682 632 3377 682 632 3378 683 633 3379 685 635 3380 685 635 3381 683 633 3382 686 636 3383 685 635 3384 686 636 3385 687 637 3386 688 638 3387 682 632 3388 685 635 3389 687 637 3390 688 638 3391 685 635 3392 682 632 3393 688 638 3394 684 634 3395 688 638 3396 687 637 3397 689 639 3398 681 631 3399 684 634 3400 690 640 3401 690 640 3402 677 627 3403 681 631 3404 691 641 3405 684 634 3406 688 638 3407 690 640 3408 684 634 3409 691 641 3410 692 642 3411 688 638 3412 689 639 3413 691 641 3414 688 638 3415 692 642 3416 689 639 3417 693 643 3418 692 642 3419 694 644 3420 691 641 3421 692 642 3422 694 644 3423 690 640 3424 691 641 3425 693 643 3426 695 645 3427 692 642 3428 694 644 3429 692 642 3430 695 645 3431 695 645 3432 693 643 3433 696 646 3434 697 647 3435 695 645 3436 696 646 3437 695 645 3438 697 647 3439 698 648 3440 698 648 3441 694 644 3442 695 645 3443 699 649 3444 698 648 3445 697 647 3446 698 648 3447 699 649 3448 700 650 3449 701 651 3450 700 650 3451 699 649 3452 694 644 3453 698 648 3454 702 652 3455 686 636 3456 683 633 3457 701 651 3458 703 653 3459 698 648 3460 700 650 3461 698 648 3462 703 653 3463 702 652 3464 700 650 3465 701 651 3466 704 654 3467 683 633 3468 704 654 3469 701 651 3470 704 654 3471 703 653 3472 700 650 3473 683 633 3474 705 655 3475 704 654 3476 703 653 3477 704 654 3478 705 655 3479 705 655 3480 683 633 3481 680 630 3482 680 630 3483 706 656 3484 705 655 3485 706 656 3486 703 653 3487 705 655 3488 706 656 3489 680 630 3490 679 629 3491 673 623 3492 706 656 3493 679 629 3494 707 657 3495 703 653 3496 706 656 3497 707 657 3498 702 652 3499 703 653 3500 706 656 3501 673 623 3502 708 658 3503 708 658 3504 707 657 3505 706 656 3506 668 618 3507 708 658 3508 673 623 3509 709 659 3510 702 652 3511 707 657 3512 709 659 3513 694 644 3514 702 652 3515 710 660 3516 707 657 3517 708 658 3518 710 660 3519 709 659 3520 707 657 3521 708 658 3522 668 618 3523 711 661 3524 712 662 3525 694 644 3526 709 659 3527 690 640 3528 694 644 3529 712 662 3530 668 618 3531 713 663 3532 711 661 3533 713 663 3534 668 618 3535 670 620 3536 714 664 3537 708 658 3538 711 661 3539 713 663 3540 714 664 3541 711 661 3542 708 658 3543 714 664 3544 710 660 3545 715 665 3546 714 664 3547 713 663 3548 716 666 3549 714 664 3550 715 665 3551 717 667 3552 709 659 3553 710 660 3554 714 664 3555 717 667 3556 710 660 3557 717 667 3558 712 662 3559 709 659 3560 714 664 3561 716 666 3562 718 668 3563 718 668 3564 717 667 3565 714 664 3566 719 669 3567 718 668 3568 716 666 3569 720 670 3570 712 662 3571 717 667 3572 718 668 3573 719 669 3574 721 671 3575 721 671 3576 717 667 3577 718 668 3578 717 667 3579 721 671 3580 720 670 3581 676 626 3582 721 671 3583 719 669 3584 722 672 3585 712 662 3586 720 670 3587 721 671 3588 722 672 3589 720 670 3590 712 662 3591 722 672 3592 690 640 3593 677 627 3594 690 640 3595 722 672 3596 722 672 3597 674 624 3598 677 627 3599 721 671 3600 676 626 3601 723 673 3602 723 673 3603 722 672 3604 721 671 3605 674 624 3606 723 673 3607 676 626 3608 674 624 3609 722 672 3610 723 673 3611 724 674 3612 725 675 3613 726 676 3614 725 675 3615 724 674 3616 727 677 3617 727 677 3618 724 674 3619 728 678 3620 728 678 3621 724 674 3622 729 679 3623 730 680 3624 728 678 3625 729 679 3626 731 681 3627 725 675 3628 727 677 3629 725 675 3630 731 681 3631 732 682 3632 731 681 3633 733 683 3634 732 682 3635 728 678 3636 730 680 3637 734 684 3638 735 685 3639 734 684 3640 730 680 3641 727 677 3642 728 678 3643 736 686 3644 734 684 3645 736 686 3646 728 678 3647 727 677 3648 736 686 3649 731 681 3650 734 684 3651 735 685 3652 737 687 3653 738 688 3654 737 687 3655 735 685 3656 737 687 3657 738 688 3658 739 689 3659 737 687 3660 740 690 3661 734 684 3662 736 686 3663 734 684 3664 740 690 3665 739 689 3666 741 691 3667 737 687 3668 740 690 3669 737 687 3670 741 691 3671 741 691 3672 739 689 3673 742 692 3674 743 693 3675 736 686 3676 740 690 3677 741 691 3678 743 693 3679 740 690 3680 742 692 3681 744 694 3682 741 691 3683 743 693 3684 741 691 3685 744 694 3686 744 694 3687 742 692 3688 745 695 3689 736 686 3690 743 693 3691 746 696 3692 746 696 3693 731 681 3694 736 686 3695 745 695 3696 747 697 3697 744 694 3698 747 697 3699 745 695 3700 748 698 3701 744 694 3702 749 699 3703 743 693 3704 749 699 3705 744 694 3706 747 697 3707 743 693 3708 750 700 3709 746 696 3710 750 700 3711 743 693 3712 749 699 3713 751 701 3714 731 681 3715 746 696 3716 733 683 3717 731 681 3718 751 701 3719 751 701 3720 752 702 3721 733 683 3722 746 696 3723 753 703 3724 751 701 3725 752 702 3726 751 701 3727 753 703 3728 753 703 3729 746 696 3730 750 700 3731 753 703 3732 754 704 3733 752 702 3734 754 704 3735 753 703 3736 755 705 3737 750 700 3738 755 705 3739 753 703 3740 755 705 3741 756 706 3742 754 704 3743 755 705 3744 750 700 3745 757 707 3746 749 699 3747 757 707 3748 750 700 3749 756 706 3750 755 705 3751 758 708 3752 757 707 3753 758 708 3754 755 705 3755 758 708 3756 759 709 3757 756 706 3758 757 707 3759 749 699 3760 760 710 3761 747 697 3762 760 710 3763 749 699 3764 758 708 3765 757 707 3766 761 711 3767 760 710 3768 761 711 3769 757 707 3770 759 709 3771 758 708 3772 762 712 3773 762 712 3774 726 676 3775 759 709 3776 726 676 3777 762 712 3778 724 674 3779 724 674 3780 762 712 3781 729 679 3782 762 712 3783 758 708 3784 763 713 3785 729 679 3786 762 712 3787 763 713 3788 763 713 3789 758 708 3790 761 711 3791 764 714 3792 729 679 3793 763 713 3794 761 711 3795 764 714 3796 763 713 3797 729 679 3798 764 714 3799 730 680 3800 761 711 3801 765 715 3802 764 714 3803 761 711 3804 760 710 3805 765 715 3806 766 716 3807 730 680 3808 764 714 3809 766 716 3810 764 714 3811 765 715 3812 730 680 3813 766 716 3814 735 685 3815 766 716 3816 738 688 3817 735 685 3818 738 688 3819 766 716 3820 767 717 3821 767 717 3822 766 716 3823 768 718 3824 768 718 3825 766 716 3826 765 715 3827 769 719 3828 767 717 3829 768 718 3830 768 718 3831 770 720 3832 769 719 3833 765 715 3834 771 721 3835 768 718 3836 770 720 3837 768 718 3838 771 721 3839 771 721 3840 765 715 3841 760 710 3842 771 721 3843 748 698 3844 770 720 3845 760 710 3846 747 697 3847 771 721 3848 748 698 3849 771 721 3850 747 697 3851 154 104 3852 179 129 3853 772 722 3854 772 722 3855 153 103 3856 154 104 3857 179 129 3858 178 128 3859 772 722 3860 153 103 3861 772 722 3862 156 106 3863 178 128 3864 162 112 3865 772 722 3866 157 107 3867 156 106 3868 772 722 3869 161 111 3870 772 722 3871 162 112 3872 772 722 3873 161 111 3874 157 107 3875 773 723 3876 4 4 3877 7 7 3878 8 8 3879 773 723 3880 7 7 3881 4 4 3882 773 723 3883 774 724 3884 774 724 3885 2 2 3886 4 4 3887 773 723 3888 8 8 3889 775 725 3890 10 10 3891 775 725 3892 8 8 3893 2 2 3894 774 724 3895 776 726 3896 776 726 3897 0 0 3898 2 2 3899 774 724 3900 777 727 3901 776 726 3902 0 0 3903 776 726 3904 777 727 3905 774 724 3906 778 728 3907 777 727 3908 778 728 3909 0 0 3910 777 727 3911 773 723 3912 778 728 3913 774 724 3914 0 0 3915 778 728 3916 31 31 3917 778 728 3918 29 29 3919 31 31 3920 773 723 3921 779 729 3922 778 728 3923 29 29 3924 778 728 3925 779 729 3926 775 725 3927 779 729 3928 773 723 3929 780 730 3930 29 29 3931 779 729 3932 775 725 3933 780 730 3934 779 729 3935 29 29 3936 780 730 3937 26 26 3938 780 730 3939 775 725 3940 781 731 3941 775 725 3942 10 10 3943 781 731 3944 782 732 3945 26 26 3946 780 730 3947 781 731 3948 782 732 3949 780 730 3950 26 26 3951 782 732 3952 24 24 3953 10 10 3954 783 733 3955 781 731 3956 782 732 3957 781 731 3958 783 733 3959 783 733 3960 10 10 3961 13 13 3962 784 734 3963 24 24 3964 782 732 3965 783 733 3966 784 734 3967 782 732 3968 24 24 3969 784 734 3970 23 23 3971 13 13 3972 785 735 3973 783 733 3974 784 734 3975 783 733 3976 785 735 3977 785 735 3978 13 13 3979 15 15 3980 16 16 3981 785 735 3982 15 15 3983 786 736 3984 23 23 3985 784 734 3986 785 735 3987 786 736 3988 784 734 3989 23 23 3990 786 736 3991 21 21 3992 785 735 3993 16 16 3994 787 737 3995 786 736 3996 785 735 3997 787 737 3998 19 19 3999 787 737 4000 16 16 4001 786 736 4002 19 19 4003 21 21 4004 787 737 4005 788 738 4006 786 736 4007 787 737 4008 19 19 4009 788 738 4010 19 19 4011 786 736 4012 788 738 4013 420 370 4014 403 353 4015 789 739 4016 404 354 4017 789 739 4018 403 353 4019 420 370 4020 789 739 4021 790 740 4022 417 367 4023 420 370 4024 790 740 4025 789 739 4026 404 354 4027 791 741 4028 406 356 4029 791 741 4030 404 354 4031 417 367 4032 790 740 4033 792 742 4034 791 741 4035 406 356 4036 793 743 4037 794 744 4038 417 367 4039 792 742 4040 417 367 4041 794 744 4042 414 364 4043 792 742 4044 790 740 4045 795 745 4046 795 745 4047 794 744 4048 792 742 4049 789 739 4050 795 745 4051 790 740 4052 796 746 4053 414 364 4054 794 744 4055 414 364 4056 796 746 4057 413 363 4058 411 361 4059 413 363 4060 796 746 4061 794 744 4062 795 745 4063 797 747 4064 796 746 4065 794 744 4066 797 747 4067 795 745 4068 789 739 4069 798 748 4070 798 748 4071 797 747 4072 795 745 4073 789 739 4074 791 741 4075 798 748 4076 798 748 4077 799 749 4078 797 747 4079 799 749 4080 798 748 4081 791 741 4082 799 749 4083 796 746 4084 797 747 4085 791 741 4086 793 743 4087 799 749 4088 796 746 4089 799 749 4090 800 750 4091 793 743 4092 800 750 4093 799 749 4094 796 746 4095 800 750 4096 411 361 4097 406 356 4098 800 750 4099 793 743 4100 800 750 4101 406 356 4102 411 361 4103 651 601 4104 653 603 4105 801 751 4106 657 607 4107 801 751 4108 653 603 4109 651 601 4110 801 751 4111 802 752 4112 801 751 4113 657 607 4114 803 753 4115 804 754 4116 651 601 4117 802 752 4118 651 601 4119 804 754 4120 628 578 4121 627 577 4122 628 578 4123 804 754 4124 805 755 4125 802 752 4126 801 751 4127 801 751 4128 803 753 4129 805 755 4130 804 754 4131 802 752 4132 806 756 4133 805 755 4134 806 756 4135 802 752 4136 807 757 4137 627 577 4138 804 754 4139 807 757 4140 804 754 4141 806 756 4142 808 758 4143 627 577 4144 807 757 4145 627 577 4146 808 758 4147 621 571 4148 807 757 4149 806 756 4150 809 759 4151 808 758 4152 807 757 4153 809 759 4154 808 758 4155 622 572 4156 621 571 4157 809 759 4158 806 756 4159 810 760 4160 810 760 4161 808 758 4162 809 759 4163 806 756 4164 805 755 4165 810 760 4166 803 753 4167 810 760 4168 805 755 4169 622 572 4170 808 758 4171 811 761 4172 808 758 4173 810 760 4174 811 761 4175 812 762 4176 622 572 4177 811 761 4178 812 762 4179 811 761 4180 810 760 4181 810 760 4182 803 753 4183 812 762 4184 657 607 4185 812 762 4186 803 753 4187 622 572 4188 812 762 4189 658 608 4190 812 762 4191 657 607 4192 658 608 4193</p>
        </triangles>
      </mesh>
    </geometry>
  </library_geometries>
  <library_controllers>
    <controller id="SK_Checkpoint_ao_SK_Checkpoint_mo-skin" name="SK_Checkpoint.ao">
      <skin source="#SK_Checkpoint_md-mesh">
        <bind_shape_matrix>1 0 0 0 0 1 0 0 0 0 1 0 0 0 0 1</bind_shape_matrix>
        <source id="SK_Checkpoint_ao_SK_Checkpoint_mo-skin-joints">
          <Name_array id="SK_Checkpoint_ao_SK_Checkpoint_mo-skin-joints-array" count="7">jt_base joint1 Bone001 Bone003 Bone004 Bone005 Bone002</Name_array>
          <technique_common>
            <accessor source="#SK_Checkpoint_ao_SK_Checkpoint_mo-skin-joints-array" count="7" stride="1">
              <param name="JOINT" type="name"/>
            </accessor>
          </technique_common>
        </source>
        <source id="SK_Checkpoint_ao_SK_Checkpoint_mo-skin-bind_poses">
          <float_array id="SK_Checkpoint_ao_SK_Checkpoint_mo-skin-bind_poses-array" count="112">5.05736e-6 0 -1 0 1 -8.7023e-6 5.00672e-6 0 -8.7023e-6 -1 0 0 0 0 0 1 1 0 0 1.35306e-7 0 2.38418e-7 1 -1.305504 0 -1 2.02815e-7 0 0 0 0 1 0.004432499 0.0997101 0.9950067 -1.514215 -0.9999903 4.46248e-4 0.004409968 -0.01237916 -4.2966e-6 -0.9950164 0.09971106 -0.1517441 0 0 0 1 0.004432499 0.09971004 0.9950067 -3.077682 -0.9999902 4.52898e-4 0.004409313 -0.01237827 -1.098e-5 -0.9950164 0.099711 -0.1517438 0 0 0 1 0.004431784 0.09971094 0.9950067 -4.103839 -0.9999904 4.52916e-4 0.004408597 -0.01237541 -1.10661e-5 -0.9950164 0.09971195 -0.1517474 0 0 0 1 0.004431426 0.09971064 0.9950066 -5.395056 -0.9999904 4.65999e-4 0.004406929 -0.01237064 -2.42527e-5 -0.9950164 0.09971165 -0.1517471 0 0 0 1 0.004432499 0.09970951 0.9950067 -6.563675 -0.9999904 4.46136e-4 0.004409968 -0.01238292 -4.18638e-6 -0.9950165 0.09971046 -0.15174 0 0 0 1</float_array>
          <technique_common>
            <accessor source="#SK_Checkpoint_ao_SK_Checkpoint_mo-skin-bind_poses-array" count="7" stride="16">
              <param name="TRANSFORM" type="float4x4"/>
            </accessor>
          </technique_common>
        </source>
        <source id="SK_Checkpoint_ao_SK_Checkpoint_mo-skin-weights">
          <float_array id="SK_Checkpoint_ao_SK_Checkpoint_mo-skin-weights-array" count="1179">1 1 1 1 1 1 1 1 1 1 1 1 1 1 1 1 1 1 1 1 1 1 1 1 1 1 1 1 1 1 1 1 1 1 1 1 0.5019608 0.4980393 0.5019608 0.4980393 0.5019608 0.4980393 0.5019608 0.4980393 0.5019608 0.4980393 0.5019608 0.4980393 0.5019608 0.4980393 0.5019608 0.4980393 0.5019608 0.4980393 0.5019608 0.4980393 0.5019608 0.4980393 0.5019608 0.4980393 0.5019608 0.4980393 0.5019608 0.4980393 0.5019608 0.4980393 0.5019608 0.4980393 0.5019608 0.4980393 0.5019608 0.4980393 1 1 1 1 1 1 1 1 0.5019608 0.4980393 0.5019608 0.4980393 0.5019608 0.4980393 0.5019608 0.4980393 0.5019608 0.4980393 0.5019608 0.4980393 0.5019608 0.4980393 0.5019608 0.4980393 0.5019608 0.4980393 0.5019608 0.4980393 0.5019608 0.4980393 0.5019608 0.4980393 0.5019608 0.4980393 0.5019608 0.4980393 0.5019608 0.4980393 0.5019608 0.4980393 0.5019608 0.4980393 0.5019608 0.4980393 1 1 1 1 1 1 1 1 1 1 1 1 1 1 1 1 1 1 1 1 1 1 1 1 1 1 1 1 1 1 1 1 1 1 1 1 1 1 1 1 1 1 1 1 1 1 1 1 1 1 1 1 1 1 1 1 1 1 1 1 1 1 1 1 1 1 1 1 1 1 1 1 1 1 1 1 1 1 1 1 1 1 1 1 1 1 1 1 1 1 0.9882352 0.0117647 1 1 1 1 1 1 1 1 1 1 1 1 1 1 1 1 1 1 1 1 1 1 1 1 1 1 1 1 1 1 1 1 1 1 1 1 1 1 1 1 1 1 1 1 1 1 1 1 1 1 1 1 1 1 1 1 1 1 1 1 1 1 1 1 1 0.5019608 0.4980393 0.5019608 0.4980393 0.5019608 0.4980393 1 1 1 1 0.5019608 0.4980393 1 0.5019608 0.4980393 1 1 1 1 1 1 1 1 1 1 1 0.5019608 0.4980393 0.5019608 0.4980393 0.5019608 0.4980393 0.5019608 0.4980393 0.5019608 0.4980393 0.5019608 0.4980393 0.5019608 0.4980393 0.5019608 0.4980393 0.5019608 0.4980393 0.5019608 0.4980393 0.5019608 0.4980393 0.5019608 0.4980393 0.5019608 0.4980393 0.5019608 0.4980393 0.5019608 0.4980393 0.5019608 0.4980393 0.5019608 0.4980393 0.5019608 0.4980393 0.5019608 0.4980393 0.5019608 0.4980393 0.5019608 0.4980393 0.5019608 0.4980393 0.5019608 0.4980393 0.5019608 0.4980393 0.5019608 0.4980393 0.5019608 0.4980393 0.5019608 0.4980393 0.5019608 0.4980393 0.5019608 0.4980393 0.5019608 0.4980393 0.5019608 0.4980393 0.5019608 0.4980393 0.5019608 0.4980393 0.5019608 0.4980393 0.5019608 0.4980393 0.5019608 0.4980393 0.5019608 0.4980393 0.5019608 0.4980393 0.5019608 0.4980393 0.5019608 0.4980393 0.5019608 0.4980393 0.5019608 0.4980393 0.5019608 0.4980393 0.5019608 0.4980393 0.5019608 0.4980393 0.5019608 0.4980393 0.5019608 0.4980393 0.5019608 0.4980393 0.5019608 0.4980393 0.5019608 0.4980393 0.5019608 0.4980393 0.5019608 0.4980393 0.5019608 0.4980393 0.5019608 0.4980393 0.5019608 0.4980393 0.5019608 0.4980393 0.5019608 0.4980393 0.5019608 0.4980393 0.5019608 0.4980393 0.5019608 0.4980393 0.5019608 0.4980393 0.5019608 0.4980393 0.5019608 0.4980393 0.5019608 0.4980393 0.5019608 0.4980393 0.5019608 0.4980393 0.5019608 0.4980393 0.5019608 0.4980393 0.5019608 0.4980393 0.5019608 0.4980393 0.5019608 0.4980393 0.5019608 0.4980393 0.5019608 0.4980393 0.5019608 0.4980393 0.5019608 0.4980393 0.5019608 0.4980393 0.5019608 0.4980393 0.5019608 0.4980393 0.5019608 0.4980393 0.5019608 0.4980393 0.5019608 0.4980393 0.5019608 0.4980393 0.5019608 0.4980393 0.5019608 0.4980393 0.5019608 0.4980393 0.5019608 0.4980393 0.5019608 0.4980393 0.5019608 0.4980393 0.5019608 0.4980393 0.5019608 0.4980393 0.5019608 0.4980393 0.5019608 0.4980393 0.5019608 0.4980393 0.5019608 0.4980393 0.5019608 0.4980393 0.5019608 0.4980393 0.5019608 0.4980393 0.5019608 0.4980393 0.5019608 0.4980393 0.5019608 0.4980393 0.5019608 0.4980393 0.5019608 0.4980393 0.5019608 0.4980393 0.5019608 0.4980393 0.5019608 0.4980393 0.5019608 0.4980393 0.5019608 0.4980393 0.5019608 0.4980393 0.5019608 0.4980393 0.5019608 0.4980393 0.5019608 0.4980393 0.5019608 0.4980393 0.5019608 0.4980393 0.5019608 0.4980393 0.5019608 0.4980393 0.5019608 0.4980393 0.5019608 0.4980393 0.5019608 0.4980393 0.5019608 0.4980393 0.5019608 0.4980393 0.5019608 0.4980393 0.5019608 0.4980393 0.5019608 0.4980393 0.5019608 0.4980393 0.5019608 0.4980393 0.5019608 0.4980393 0.5019608 0.4980393 0.5019608 0.4980393 0.5019608 0.4980393 0.5019608 0.4980393 0.5019608 0.4980393 0.5019608 0.4980393 0.5019608 0.4980393 0.5019608 0.4980393 0.5019608 0.4980393 0.5019608 0.4980393 0.5019608 0.4980393 0.5019608 0.4980393 0.5019608 0.4980393 0.5019608 0.4980393 1 1 1 0.5019608 0.4980393 0.5019608 0.4980393 1 1 1 1 1 1 0.5019608 0.4980393 1 1 1 1 1 1 1 1 1 1 1 1 0.5019608 0.4980393 1 1 1 0.5019608 0.4980393 0.5019608 0.4980393 0.5019608 0.4980393 0.5019608 0.4980393 0.5019608 0.4980393 0.5019608 0.4980393 0.5019608 0.4980393 0.5019608 0.4980393 0.5019608 0.4980393 0.5019608 0.4980393 0.5019608 0.4980393 1 1 1 1 1 1 0.5019608 0.4980393 0.5019608 0.4980393 0.5019608 0.4980393 1 0.5019608 0.4980393 0.5019608 0.4980393 1 1 0.5019608 0.4980393 0.5019608 0.4980393 1 0.5019608 0.4980393 0.5019608 0.4980393 0.5019608 0.4980393 0.5019608 0.4980393 0.5019608 0.4980393 0.5019608 0.4980393 0.5019608 0.4980393 0.5019608 0.4980393 0.5019608 0.4980393 0.5019608 0.4980393 0.5019608 0.4980393 0.5019608 0.4980393 0.5019608 0.4980393 1 0.5019608 0.4980393 1 0.5019608 0.4980393 0.5019608 0.4980393 0.5019608 0.4980393 0.5019608 0.4980393 0.5019608 0.4980393 0.5019608 0.4980393 0.5019608 0.4980393 0.5019608 0.4980393 0.5019608 0.4980393 0.5019608 0.4980393 0.5019608 0.4980393 1 1 1 1 0.5019608 0.4980393 0.5019608 0.4980393 0.5019608 0.4980393 0.5019608 0.4980393 0.5019608 0.4980393 0.5019608 0.4980393 0.5019608 0.4980393 0.5019608 0.4980393 0.5019608 0.4980393 0.5019608 0.4980393 0.5019608 0.4980393 0.5019608 0.4980393 0.5019608 0.4980393 0.5019608 0.4980393 0.5019608 0.4980393 0.5019608 0.4980393 0.5019608 0.4980393 0.5019608 0.4980393 0.5019608 0.4980393 0.5019608 0.4980393 0.5019608 0.4980393 0.5019608 0.4980393 0.5019608 0.4980393 0.5019608 0.4980393 0.5019608 0.4980393 0.5019608 0.4980393 0.5019608 0.4980393 0.5019608 0.4980393 0.5019608 0.4980393 0.5019608 0.4980393 0.5019608 0.4980393 0.5019608 0.4980393 0.5019608 0.4980393 0.5019608 0.4980393 0.5019608 0.4980393 0.5019608 0.4980393 0.5019608 0.4980393 0.5019608 0.4980393 0.5019608 0.4980393 0.5019608 0.4980393 0.5019608 0.4980393 0.5019608 0.4980393 0.5019608 0.4980393 0.5019608 0.4980393 0.5019608 0.4980393 0.5019608 0.4980393 0.5019608 0.4980393 0.5019608 0.4980393 0.5019608 0.4980393 0.5019608 0.4980393 0.5019608 0.4980393 0.5019608 0.4980393 0.5019608 0.4980393 0.5019608 0.4980393 0.5019608 0.4980393 0.5019608 0.4980393 1 1 1 1 1 1 1 1 1 1 1 1 1 1 1 1 1 1 1 1 1 1 1 1 1 1 1 1 1 1 1 1 1 1 1 1 1 1 1 1 1 1 1 1 1 1 1 1 1 1 1 1 1 1 1 1 1 1 1 1 1 1 1 1 1 1 1 1 1 1 1 1 1 1 1 1 1 1 1 1 1 1 1 1 1 1 1 1 1 0.5019608 0.4980393 0.5019608 0.4980393 0.5019608 0.4980393 0.5019608 0.4980393 0.5019608 0.4980393 0.5019608 0.4980393 0.5019608 0.4980393 0.5019608 0.4980393 0.5019608 0.4980393 0.5019608 0.4980393 1 0.5019608 0.4980393 0.5019608 0.4980393 0.5019608 0.4980393 0.5019608 0.4980393 0.5019608 0.4980393 1 0.5019608 0.4980393 0.5019608 0.4980393 1 0.5019608 0.4980393 1 1 1 1 1 1 1 1 1 1 1 1 0.5019608 0.4980393 0.5019608 0.4980393 0.5019608 0.4980393 0.5019608 0.4980393 0.5019608 0.4980393 0.5019608 0.4980393 0.5019608 0.4980393 0.5019608 0.4980393 0.5019608 0.4980393 0.5019608 0.4980393 0.5019608 0.4980393 0.5019608 0.4980393 0.5019608 0.4980393 0.5019608 0.4980393 0.5019608 0.4980393 0.5019608 0.4980393 0.5019608 0.4980393 0.5019608 0.4980393 0.5019608 0.4980393 0.5019608 0.4980393 0.5019608 0.4980393 0.5019608 0.4980393 0.5019608 0.4980393 0.5019608 0.4980393 0.5019608 0.4980393 0.5019608 0.4980393 0.5019608 0.4980393 0.5019608 0.4980393 0.5019608 0.4980393 0.5019608 0.4980393 0.5019608 0.4980393 0.5019608 0.4980393 0.5019608 0.4980393 0.5019608 0.4980393 0.5019608 0.4980393 0.5019608 0.4980393 0.5019608 0.4980393 0.5019608 0.4980393 0.5019608 0.4980393 0.5019608 0.4980393 0.5019608 0.4980393 0.5019608 0.4980393 0.5019608 0.4980393 0.5019608 0.4980393 0.5019608 0.4980393 0.5019608 0.4980393 0.5019608 0.4980393 0.5019608 0.4980393 0.5019608 0.4980393 0.5019608 0.4980393 0.5019608 0.4980393 0.5019608 0.4980393 0.5019608 0.4980393 0.5019608 0.4980393 0.5019608 0.4980393 0.5019608 0.4980393 0.5019608 0.4980393 0.5019608 0.4980393 0.5019608 0.4980393 0.5019608 0.4980393 0.5019608 0.4980393 0.5019608 0.4980393 1 1 1 1 1 1 1 1 1 1 1 1 1 1 1 1 1 1 1 1 1 1 1 1 1 1 1 1 1 1 1 1 1 1 0.9882352 0.0117647 1 1 1 1 1 1 1 1 1 1 1 1 1 1 1 1 1 1 1 1 1 1 1 1 1 1 1 1 1 1 1 1 1 1 1 1 1 1 1 1 1 1 1 1 1 1 1 1 1 1 1 1 1 1</float_array>
          <technique_common>
            <accessor source="#SK_Checkpoint_ao_SK_Checkpoint_mo-skin-weights-array" count="1179" stride="1">
              <param name="WEIGHT" type="float"/>
            </accessor>
          </technique_common>
        </source>
        <joints>
          <input semantic="JOINT" source="#SK_Checkpoint_ao_SK_Checkpoint_mo-skin-joints"/>
          <input semantic="INV_BIND_MATRIX" source="#SK_Checkpoint_ao_SK_Checkpoint_mo-skin-bind_poses"/>
        </joints>
        <vertex_weights count="813">
          <input semantic="JOINT" source="#SK_Checkpoint_ao_SK_Checkpoint_mo-skin-joints" offset="0"/>
          <input semantic="WEIGHT" source="#SK_Checkpoint_ao_SK_Checkpoint_mo-skin-weights" offset="1"/>
          <vcount>1 1 1 1 1 1 1 1 1 1 1 1 1 1 1 1 1 1 1 1 1 1 1 1 1 1 1 1 1 1 1 1 1 1 1 1 2 2 2 2 2 2 2 2 2 2 2 2 2 2 2 2 2 2 1 1 1 1 1 1 1 1 2 2 2 2 2 2 2 2 2 2 2 2 2 2 2 2 2 2 1 1 1 1 1 1 1 1 1 1 1 1 1 1 1 1 1 1 1 1 1 1 1 1 1 1 1 1 1 1 1 1 1 1 1 1 1 1 1 1 1 1 1 1 1 1 1 1 1 1 1 1 1 1 1 1 1 1 1 1 1 1 1 1 1 1 1 1 1 1 1 1 1 1 1 1 1 1 1 1 1 1 1 1 1 1 1 1 1 1 2 1 1 1 1 1 1 1 1 1 1 1 1 1 1 1 1 1 1 1 1 1 1 1 1 1 1 1 1 1 1 1 1 1 1 1 1 1 1 1 1 1 1 1 1 1 1 1 1 1 1 1 1 1 1 1 1 1 1 1 1 1 1 1 1 1 2 2 2 1 1 1 1 2 1 2 1 1 1 1 1 1 1 1 1 1 1 2 2 2 2 2 2 2 2 2 2 2 2 2 2 2 2 2 2 2 2 2 2 2 2 2 2 2 2 2 2 2 2 2 2 2 2 2 2 2 2 2 2 2 2 2 2 2 2 2 2 2 2 2 2 2 2 2 2 2 2 2 2 2 2 2 2 2 2 2 2 2 2 2 2 2 2 2 2 2 2 2 2 2 2 2 2 2 2 2 2 2 2 2 2 2 2 2 2 2 2 2 2 2 2 2 2 2 2 2 2 2 2 2 2 2 2 2 2 2 2 2 2 2 2 2 2 2 2 2 2 2 2 2 2 2 2 2 2 2 2 1 1 1 2 2 1 1 1 1 1 1 2 1 1 1 1 1 1 1 1 1 1 1 1 2 1 1 1 2 2 2 2 2 2 2 2 2 2 2 1 1 1 1 1 1 2 2 2 1 2 2 1 1 2 2 1 2 2 2 2 2 2 2 2 2 2 2 2 2 1 2 1 2 2 2 2 2 2 2 2 2 2 2 1 1 1 1 2 2 2 2 2 2 2 2 2 2 2 2 2 2 2 2 2 2 2 2 2 2 2 2 2 2 2 2 2 2 2 2 2 2 2 2 2 2 2 2 2 2 2 2 2 2 2 2 2 2 2 2 2 2 2 2 1 1 1 1 1 1 1 1 1 1 1 1 1 1 1 1 1 1 1 1 1 1 1 1 1 1 1 1 1 1 1 1 1 1 1 1 1 1 1 1 1 1 1 1 1 1 1 1 1 1 1 1 1 1 1 1 1 1 1 1 1 1 1 1 1 1 1 1 1 1 1 1 1 1 1 1 1 1 1 1 1 1 1 1 1 1 1 1 1 2 2 2 2 2 2 2 2 2 2 1 2 2 2 2 2 1 2 2 1 2 1 1 1 1 1 1 1 1 1 1 1 1 2 2 2 2 2 2 2 2 2 2 2 2 2 2 2 2 2 2 2 2 2 2 2 2 2 2 2 2 2 2 2 2 2 2 2 2 2 2 2 2 2 2 2 2 2 2 2 2 2 2 2 2 2 2 2 2 2 2 2 2 2 2 1 1 1 1 1 1 1 1 1 1 1 1 1 1 1 1 1 1 1 1 1 1 1 1 1 1 1 1 1 1 1 1 1 1 2 1 1 1 1 1 1 1 1 1 1 1 1 1 1 1 1 1 1 1 1 1 1 1 1 1 1 1 1 1 1 1 1 1 1 1 1 1 1 1 1 1 1 1 1 1 1 1 1 1 1 1 1 1 1 </vcount>
          <v>0 0 0 1 0 2 0 3 0 4 0 5 0 6 0 7 0 8 0 9 0 10 0 11 0 12 0 13 0 14 0 15 0 16 0 17 0 18 0 19 0 20 0 21 0 22 0 23 0 24 0 25 0 26 0 27 0 28 0 29 0 30 0 31 5 32 5 33 5 34 5 35 4 36 5 37 4 38 5 39 4 40 5 41 4 42 5 43 4 44 5 45 4 46 5 47 3 48 4 49 3 50 4 51 3 52 4 53 3 54 4 55 3 56 4 57 3 58 4 59 2 60 3 61 2 62 3 63 2 64 3 65 2 66 3 67 2 68 3 69 2 70 3 71 2 72 2 73 2 74 2 75 5 76 5 77 5 78 5 79 4 80 5 81 4 82 5 83 4 84 5 85 4 86 5 87 4 88 5 89 4 90 5 91 3 92 4 93 3 94 4 95 3 96 4 97 3 98 4 99 3 100 4 101 3 102 4 103 2 104 3 105 2 106 3 107 2 108 3 109 2 110 3 111 2 112 3 113 2 114 3 115 2 116 2 117 2 118 2 119 2 120 2 121 2 122 2 123 2 124 2 125 2 126 2 127 5 128 5 129 5 130 5 131 5 132 5 133 5 134 5 135 5 136 5 137 5 138 5 139 5 140 5 141 5 142 5 143 2 144 2 145 2 146 2 147 2 148 2 149 2 150 2 151 2 152 2 153 2 154 2 155 2 156 2 157 2 158 2 159 2 160 2 161 2 162 2 163 2 164 2 165 2 166 2 167 2 168 2 169 2 170 2 171 2 172 2 173 2 174 2 175 5 176 5 177 5 178 5 179 5 180 5 181 5 182 5 183 5 184 5 185 5 186 5 187 5 188 5 189 5 190 5 191 5 192 5 193 5 194 5 195 5 196 5 197 5 198 5 199 5 200 5 201 5 202 5 203 5 204 5 205 5 206 6 207 5 208 5 209 5 210 5 211 5 212 5 213 5 214 5 215 5 216 2 217 2 218 2 219 2 220 2 221 2 222 2 223 2 224 2 225 2 226 2 227 2 228 2 229 2 230 2 231 2 232 2 233 2 234 2 235 2 236 2 237 2 238 2 239 2 240 2 241 2 242 2 243 2 244 2 245 2 246 2 247 2 248 2 249 2 250 2 251 2 252 2 253 2 254 2 255 2 256 2 257 2 258 2 259 2 260 2 261 2 262 2 263 2 264 2 265 2 266 2 267 2 268 2 269 2 270 2 271 2 272 2 273 3 274 2 275 3 276 2 277 3 278 2 279 2 280 2 281 2 282 2 283 3 284 2 285 2 286 3 287 2 288 2 289 2 290 2 291 2 292 2 293 2 294 2 295 2 296 2 297 2 298 2 299 3 300 2 301 3 302 2 303 3 304 2 305 3 306 2 307 3 308 2 309 3 310 2 311 3 312 2 313 3 314 2 315 3 316 2 317 3 318 2 319 3 320 2 321 3 322 2 323 3 324 2 325 3 326 2 327 3 328 2 329 3 330 2 331 3 332 2 333 3 334 2 335 3 336 2 337 3 338 2 339 3 340 2 341 3 342 2 343 3 344 2 345 3 346 2 347 3 348 2 349 3 350 3 351 4 352 2 353 3 354 2 355 3 356 3 357 4 358 3 359 4 360 2 361 3 362 2 363 3 364 2 365 3 366 3 367 4 368 2 369 3 370 2 371 3 372 2 373 3 374 3 375 4 376 3 377 4 378 3 379 4 380 3 381 4 382 3 383 4 384 3 385 4 386 3 387 4 388 3 389 4 390 3 391 4 392 3 393 4 394 3 395 4 396 2 397 3 398 3 399 4 400 3 401 4 402 3 403 4 404 3 405 4 406 3 407 4 408 3 409 4 410 2 411 3 412 3 413 4 414 2 415 3 416 2 417 3 418 2 419 3 420 2 421 3 422 3 423 4 424 2 425 3 426 2 427 3 428 2 429 3 430 3 431 4 432 4 433 5 434 4 435 5 436 4 437 5 438 4 439 5 440 4 441 5 442 4 443 5 444 4 445 5 446 4 447 5 448 4 449 5 450 4 451 5 452 4 453 5 454 4 455 5 456 4 457 5 458 4 459 5 460 4 461 5 462 4 463 5 464 4 465 5 466 4 467 5 468 3 469 4 470 4 471 5 472 3 473 4 474 3 475 4 476 4 477 5 478 3 479 4 480 3 481 4 482 3 483 4 484 3 485 4 486 3 487 4 488 3 489 4 490 3 491 4 492 3 493 4 494 3 495 4 496 3 497 4 498 3 499 4 500 3 501 4 502 3 503 4 504 3 505 4 506 3 507 4 508 3 509 4 510 3 511 4 512 3 513 4 514 4 515 5 516 3 517 4 518 3 519 4 520 3 521 4 522 3 523 4 524 3 525 4 526 3 527 4 528 4 529 5 530 4 531 5 532 4 533 5 534 3 535 4 536 4 537 5 538 4 539 5 540 4 541 5 542 4 543 5 544 4 545 5 546 4 547 5 548 4 549 5 550 4 551 5 552 3 553 4 554 3 555 4 556 3 557 4 558 3 559 4 560 4 561 5 562 4 563 5 564 4 565 5 566 4 567 5 568 4 569 5 570 4 571 5 572 4 573 5 574 4 575 5 576 4 577 5 578 5 579 5 580 5 581 4 582 5 583 4 584 5 585 5 586 5 587 5 588 5 589 5 590 5 591 4 592 5 593 5 594 5 595 5 596 5 597 5 598 5 599 5 600 5 601 5 602 5 603 5 604 5 605 4 606 5 607 5 608 5 609 5 610 4 611 5 612 4 613 5 614 4 615 5 616 4 617 5 618 4 619 5 620 4 621 5 622 4 623 5 624 4 625 5 626 4 627 5 628 4 629 5 630 4 631 5 632 2 633 2 634 2 635 2 636 2 637 2 638 2 639 3 640 2 641 3 642 2 643 3 644 2 645 2 646 3 647 2 648 3 649 2 650 2 651 2 652 3 653 2 654 3 655 2 656 2 657 3 658 2 659 3 660 2 661 3 662 2 663 3 664 2 665 3 666 2 667 3 668 2 669 3 670 2 671 3 672 2 673 3 674 2 675 3 676 2 677 3 678 2 679 3 680 2 681 3 682 2 683 2 684 3 685 2 686 2 687 3 688 2 689 3 690 2 691 3 692 2 693 3 694 2 695 3 696 2 697 3 698 2 699 3 700 2 701 3 702 2 703 3 704 2 705 3 706 2 707 3 708 2 709 2 710 2 711 2 712 2 713 3 714 2 715 3 716 2 717 3 718 2 719 3 720 2 721 3 722 2 723 3 724 2 725 3 726 2 727 3 728 2 729 3 730 2 731 3 732 2 733 3 734 2 735 3 736 2 737 3 738 2 739 3 740 2 741 3 742 2 743 3 744 2 745 3 746 2 747 3 748 2 749 3 750 2 751 3 752 2 753 3 754 2 755 3 756 2 757 3 758 2 759 3 760 2 761 3 762 2 763 3 764 2 765 3 766 2 767 3 768 2 769 3 770 2 771 3 772 2 773 3 774 2 775 3 776 3 777 4 778 3 779 4 780 3 781 4 782 3 783 4 784 3 785 4 786 3 787 4 788 3 789 4 790 3 791 4 792 3 793 4 794 3 795 4 796 3 797 4 798 3 799 4 800 3 801 4 802 3 803 4 804 3 805 4 806 3 807 4 808 3 809 4 810 3 811 4 812 3 813 4 814 3 815 4 816 3 817 4 818 3 819 4 820 3 821 4 822 3 823 4 824 5 825 5 826 5 827 5 828 5 829 5 830 5 831 5 832 5 833 5 834 5 835 5 836 5 837 5 838 5 839 5 840 5 841 5 842 5 843 5 844 5 845 5 846 5 847 5 848 5 849 5 850 5 851 5 852 5 853 5 854 5 855 5 856 5 857 5 858 5 859 5 860 5 861 5 862 5 863 5 864 1 865 1 866 1 867 1 868 1 869 1 870 1 871 1 872 1 873 2 874 2 875 2 876 1 877 2 878 2 879 2 880 1 881 2 882 2 883 2 884 1 885 2 886 1 887 1 888 1 889 1 890 1 891 1 892 2 893 1 894 2 895 1 896 1 897 1 898 1 899 1 900 2 901 2 902 2 903 2 904 5 905 5 906 5 907 5 908 5 909 5 910 5 911 5 912 5 913 4 914 5 915 4 916 5 917 4 918 5 919 4 920 5 921 4 922 5 923 4 924 5 925 4 926 5 927 4 928 5 929 4 930 5 931 4 932 5 933 5 934 4 935 5 936 4 937 5 938 4 939 5 940 4 941 5 942 4 943 5 944 5 945 4 946 5 947 4 948 5 949 5 950 4 951 5 952 5 953 5 954 5 955 5 956 5 957 5 958 5 959 5 960 5 961 5 962 5 963 5 964 4 965 5 966 4 967 5 968 4 969 5 970 4 971 5 972 4 973 5 974 4 975 5 976 4 977 5 978 4 979 5 980 4 981 5 982 4 983 5 984 4 985 5 986 4 987 5 988 4 989 5 990 4 991 5 992 4 993 5 994 4 995 5 996 3 997 4 998 3 999 4 1000 3 1001 4 1002 3 1003 4 1004 3 1005 4 1006 3 1007 4 1008 3 1009 4 1010 3 1011 4 1012 3 1013 4 1014 3 1015 4 1016 3 1017 4 1018 3 1019 4 1020 3 1021 4 1022 3 1023 4 1024 3 1025 4 1026 3 1027 4 1028 3 1029 4 1030 3 1031 4 1032 3 1033 4 1034 3 1035 4 1036 3 1037 4 1038 3 1039 4 1040 3 1041 4 1042 3 1043 4 1044 3 1045 4 1046 3 1047 4 1048 3 1049 4 1050 3 1051 4 1052 3 1053 4 1054 3 1055 4 1056 4 1057 5 1058 3 1059 4 1060 4 1061 5 1062 4 1063 5 1064 3 1065 4 1066 4 1067 5 1068 4 1069 5 1070 4 1071 5 1072 4 1073 5 1074 4 1075 5 1076 4 1077 5 1078 4 1079 5 1080 4 1081 5 1082 4 1083 5 1084 4 1085 5 1086 4 1087 5 1088 5 1089 5 1090 5 1091 5 1092 5 1093 5 1094 5 1095 5 1096 5 1097 5 1098 5 1099 5 1100 5 1101 5 1102 5 1103 5 1104 5 1105 5 1106 5 1107 5 1108 5 1109 5 1110 5 1111 5 1112 5 1113 5 1114 5 1115 5 1116 5 1117 5 1118 5 1119 5 1120 5 1121 5 1122 5 1123 6 1124 5 1125 5 1126 5 1127 5 1128 5 1129 5 1130 5 1131 5 1132 5 1133 5 1134 5 1135 5 1136 5 1137 5 1138 0 1139 0 1140 0 1141 0 1142 0 1143 0 1144 0 1145 0 1146 0 1147 0 1148 0 1149 0 1150 0 1151 0 1152 0 1153 0 1154 5 1155 5 1156 5 1157 5 1158 5 1159 5 1160 5 1161 5 1162 5 1163 5 1164 5 1165 5 1166 5 1167 5 1168 5 1169 5 1170 5 1171 5 1172 5 1173 5 1174 5 1175 5 1176 5 1177 5 1178</v>
        </vertex_weights>
      </skin>
    </controller>
  </library_controllers>
  <library_visual_scenes>
    <visual_scene id="Scene" name="Scene">
      <node id="SK_Checkpoint_ao" name="SK_Checkpoint.ao" type="NODE">
        <matrix sid="transform">1 0 0 0 0 1 0 0 0 0 1 0 0 0 0 1</matrix>
        <node id="SK_Checkpoint_ao_jt_root" name="jt_root" sid="jt_root" type="JOINT">
          <matrix sid="transform">1 0 0 0 0 2.02816e-7 -1 0 0 1 2.38419e-7 0 0 0 0 1</matrix>
          <node id="SK_Checkpoint_ao_jt_base" name="jt_base" sid="jt_base" type="JOINT">
            <matrix sid="transform">5.00672e-6 1 -8.7023e-6 -4.12754e-13 -1 5.05736e-6 -1.33162e-7 0 -1.33118e-7 8.7023e-6 1 4.8862e-8 0 0 0 1</matrix>
            <node id="SK_Checkpoint_ao_joint1" name="joint1" sid="joint1" type="JOINT">
              <matrix sid="transform">5.126e-6 -0.9999999 -1.33118e-7 -1.305504 0.9999999 5.05736e-6 8.7023e-6 6.4671e-6 -8.7023e-6 -1.33162e-7 1 -2.22705e-7 0 0 0 1</matrix>
              <node id="SK_Checkpoint_ao_Bone001" name="Bone001" sid="Bone001" type="JOINT">
                <matrix sid="transform">0.004432467 -0.99999 -4.30338e-6 -0.005667863 0.9950066 0.004409953 0.0997109 0.2163342 -0.09970991 -4.46248e-4 0.9950165 2.43211e-7 0 0 0 1</matrix>
                <node id="SK_Checkpoint_ao_Bone003" name="Bone003" sid="Bone003" type="JOINT">
                  <matrix sid="transform">0.9999999 0 -1.19209e-7 1.563468 0 0.9999999 6.683e-6 1.49012e-7 1.11759e-7 -6.68291e-6 1 -7.45058e-8 0 0 0 1</matrix>
                  <node id="SK_Checkpoint_ao_Bone004" name="Bone004" sid="Bone004" type="JOINT">
                    <matrix sid="transform">0.9999999 -7.22241e-7 9.46224e-7 1.026157 7.22706e-7 0.9999999 9.03092e-8 1.19209e-7 -9.61125e-7 -9.03092e-8 1 -2.38419e-7 0 0 0 1</matrix>
                    <node id="SK_Checkpoint_ao_Bone005" name="Bone005" sid="Bone005" type="JOINT">
                      <matrix sid="transform">1 -3.61353e-7 -3.27826e-7 1.291217 3.60887e-7 1 1.31852e-5 -8.35396e-7 3.27826e-7 -1.31853e-5 1 1.3113e-6 0 0 0 1</matrix>
                      <node id="SK_Checkpoint_ao_Bone002" name="Bone002" sid="Bone002" type="JOINT">
                        <matrix sid="transform">0.9999999 1.08406e-6 -1.10269e-6 1.168619 -1.08406e-6 0.9999999 -2.00715e-5 2.1141e-6 1.09524e-6 2.00714e-5 1 3.57628e-7 0 0 0 1</matrix>
                        <extra>
                          <technique profile="blender">
                            <layer sid="layer" type="string">0</layer>
                            <roll sid="roll" type="float">-1.466511</roll>
                            <tip_x sid="tip_x" type="float">-0.3299968</tip_x>
                            <tip_y sid="tip_y" type="float">1.47223e-4</tip_y>
                            <tip_z sid="tip_z" type="float">0.001455307</tip_z>
                          </technique>
                        </extra>
                      </node>
                      <extra>
                        <technique profile="blender">
                          <layer sid="layer" type="string">0</layer>
                          <roll sid="roll" type="float">-1.466513</roll>
                          <tip_x sid="tip_x" type="float">-0.3299968</tip_x>
                          <tip_y sid="tip_y" type="float">1.5378e-4</tip_y>
                          <tip_z sid="tip_z" type="float">0.001454353</tip_z>
                        </technique>
                      </extra>
                    </node>
                    <extra>
                      <technique profile="blender">
                        <layer sid="layer" type="string">0</layer>
                        <roll sid="roll" type="float">-1.466511</roll>
                        <tip_x sid="tip_x" type="float">-0.3299968</tip_x>
                        <tip_y sid="tip_y" type="float">1.49459e-4</tip_y>
                        <tip_z sid="tip_z" type="float">0.00145483</tip_z>
                      </technique>
                    </extra>
                  </node>
                  <extra>
                    <technique profile="blender">
                      <layer sid="layer" type="string">0</layer>
                      <roll sid="roll" type="float">-1.466511</roll>
                      <tip_x sid="tip_x" type="float">-0.3299968</tip_x>
                      <tip_y sid="tip_y" type="float">1.49459e-4</tip_y>
                      <tip_z sid="tip_z" type="float">0.001455068</tip_z>
                    </technique>
                  </extra>
                </node>
                <extra>
                  <technique profile="blender">
                    <layer sid="layer" type="string">0</layer>
                    <roll sid="roll" type="float">-1.46651</roll>
                    <tip_x sid="tip_x" type="float">-0.3299968</tip_x>
                    <tip_y sid="tip_y" type="float">1.47262e-4</tip_y>
                    <tip_z sid="tip_z" type="float">0.001455307</tip_z>
                  </technique>
                </extra>
              </node>
              <extra>
                <technique profile="blender">
                  <layer sid="layer" type="string">0</layer>
                  <roll sid="roll" type="float">0</roll>
                  <tip_x sid="tip_x" type="float">0</tip_x>
                  <tip_y sid="tip_y" type="float">0</tip_y>
                  <tip_z sid="tip_z" type="float">0.3300001</tip_z>
                </technique>
              </extra>
            </node>
            <extra>
              <technique profile="blender">
                <layer sid="layer" type="string">0</layer>
                <roll sid="roll" type="float">1.570791</roll>
                <tip_x sid="tip_x" type="float">0.3300001</tip_x>
                <tip_y sid="tip_y" type="float">-2.87176e-6</tip_y>
                <tip_z sid="tip_z" type="float">1.68175e-6</tip_z>
              </technique>
            </extra>
          </node>
          <extra>
            <technique profile="blender">
              <layer sid="layer" type="string">0</layer>
              <tip_x sid="tip_x" type="float">0</tip_x>
              <tip_y sid="tip_y" type="float">0</tip_y>
              <tip_z sid="tip_z" type="float">0.33</tip_z>
            </technique>
          </extra>
        </node>
        <node id="SK_Checkpoint_mo" name="SK_Checkpoint.mo" type="NODE">
          <matrix sid="transform">1 0 0 0 0 1 0 0 0 0 1 0 0 0 0 1</matrix>
          <instance_controller url="#SK_Checkpoint_ao_SK_Checkpoint_mo-skin">
            <skeleton>#SK_Checkpoint_ao_jt_root</skeleton>
            <bind_material>
              <technique_common>
                <instance_material symbol="MI_JF_Checkpoint_01-material" target="#MI_JF_Checkpoint_01-material">
                  <bind_vertex_input semantic="UV_SINGLE" input_semantic="TEXCOORD" input_set="0"/>
                </instance_material>
              </technique_common>
            </bind_material>
          </instance_controller>
        </node>
      </node>
    </visual_scene>
  </library_visual_scenes>
  <scene>
    <instance_visual_scene url="#Scene"/>
  </scene>
</COLLADA>